id,dbt_model,type,doc_config_group,legacy_section,legacy_line,status,notes
intro,,boilerplate,(front matter),Introduction,405,not_started,General project framing - largely superseded by README.md/CONTRIBUTING.md; skim for anything not already covered before writing.
user_interface,,boilerplate,(front matter),User Interface,487,skip,"Describes the legacy C# tool's GUI, which has no equivalent in this pipeline - not worth carrying forward."
summary_of_output_files,,boilerplate,(front matter),Summary of Output Files,672,not_started,Candidate for PROGRAMMATIC generation from doc_config.yml + recipe.yml exports rather than hand authoring - worth a design decision before writing by hand.
fics,,boilerplate,(front matter),Field Identification Codes (FICs),724,not_started,"Explains the FIC convention (L1, RPL1, etc.) our field-layout tables already use as a column."
field_formatting,,boilerplate,(front matter),Field Formatting,784,drafted,Done this session - docs/boilerplate/field_formatting.yml. Needs your review.
lion_group_intro,,group_intro,LION,Geosupport LION Output Record Layout,909,not_started,"Group-level intro prose (ModelGroup.custom.elements, proved out this session) - general LION record-layout overview."
lion_dat_by_field,lion_dat_by_field,model_dat_fields,LION,Generating Records from Centerline/Shoreline/Rail&Subway/NonStreetFeature Segments; Coincident Segments,1261-4210,drafted,"2/116 columns done (traffic_direction, segment_locational_status), reconciled against legacy this session. The 4 'Generating Records from...' + Coincident Segments legacy sections all describe how per-field values are derived depending on segment source - fold into this model's own column descriptions rather than separate rows/sections."
gdb_lion,gdb_lion,model_columns,LION - ESRI LION,ESRI LION,4210,drafted,Model + both columns already described. Not yet tagged export_doc or in doc_config.yml.
gdb_node,gdb_node,model_columns,LION - ESRI LION,ESRI LION,4210,drafted,Model + both columns already described. Not yet tagged export_doc or in doc_config.yml.
gdb_node_stname,gdb_node_stname,model_columns,LION - ESRI LION,ESRI LION,4210,drafted,Model + both columns already described. Not yet tagged export_doc or in doc_config.yml.
gdb_altnames_by_field,gdb_altnames_by_field,model_columns,LION - ESRI LION,ESRI LION (Generating the AltNames Table),5111,not_started,No yml entry yet.
mapinfo_lion,,boilerplate,LION,~~MapInfo LION~~ (struck through in source),5190,skip,Deprecated output in the legacy doc itself - deliberately not carried forward.
snd_by_field,snd_by_field,model_columns,Street Name Dictionary,Street Name Dictionary,5267,not_started,No yml entry yet.
normalizing_tables_group_intro,,group_intro,Geosupport System Normalizing Tables,Geosupport System Normalizing Tables,5529,not_started,"Short group intro, optional."
exception_by_field,exception_by_field,model_columns,Geosupport System Normalizing Tables,Exception Table,5540,not_started,No yml entry yet.
universal_word,universal_word,model_columns,Geosupport System Normalizing Tables,Universal Word Table and Last Word Table,5592,not_started,No yml entry yet.
last_word,last_word,model_columns,Geosupport System Normalizing Tables,Universal Word Table and Last Word Table,5592,not_started,No yml entry yet.
enders_by_field,enders_by_field,model_columns,Geosupport System Normalizing Tables,Enders Table,5714,reconciled,"Fully documented (2/2 cols), reconciled against legacy this session. Needs your review."
face_code_by_field,face_code_by_field,model_dat_fields,Face Code File,Face Code File,5749,drafted,"3/6 columns done. boroughcode gap identified but not yet fixed (easy: left(b10sc,1)). OPEN QUESTION flagged for you: legacy requires per-borough files sorted by face code (bytes 2-5) - no ORDER BY found anywhere in the pipeline; needs investigation before this can be marked reconciled."
thinlion_by_field,thinlion_by_field,model_dat_fields,District Equivalency Files - ThinLION,ThinLION,5806,not_started,No column descriptions yet (0/3). One shared by_field model feeds all 5 borough exports + the summary - document once here.
thinfire_by_field,thinfire_by_field,model_dat_fields,District Equivalency Files - ThinFire,ThinFire,6146,not_started,No column descriptions yet (0/3). One shared by_field model feeds all 5 borough exports - document once here.
saf_group_intro,,group_intro,Special Address File,CSCL Source Components for SAF Data,6340,drafted,"Group intro written this session (ModelGroup.custom.elements in doc_config.yml) - covers the 13-types/5-layouts/9-files structure, the 3 source tables, the generic/roadbed RPL-redirect mechanism (int__saf_segments.sql), and normalized-name sourcing. Needs your review."
saf_abcegnpx_generic_by_field,saf_abcegnpx_generic_by_field,model_dat_fields,Special Address File,"Type A, B, C, E and P Records; Type G, N and X Records","6405, 6823",drafted,"Model description + 6 key columns documented this session (place_name, sos_indicator, saftype, x_coord/y_coord, side_borough_code). 18/29 columns still undocumented (mostly direct copies from AltSegmentData - boroughcode, LGCs, segment ids). Needs your review."
saf_abcegnpx_roadbed_by_field,saf_abcegnpx_roadbed_by_field,model_dat_fields,Special Address File,"Type A, B, C, E and P Records; Type G, N and X Records","6405, 6823",drafted,Shares saf_abcegnpx_generic_by_field's column docs (same layout). Needs your review.
saf_d_generic_by_field,saf_d_generic_by_field,model_dat_fields,Special Address File,Type D Records,6626,drafted,"Model description + 7 key columns documented (place_name, sos_indicator, daps_b5sc, low_hn/high_hn, regular_b5sc, saftype, daps_type). Needs your review."
saf_d_roadbed_by_field,saf_d_roadbed_by_field,model_dat_fields,Special Address File,Type D Records,6626,drafted,Shares saf_d_generic_by_field's column docs. Needs your review.
saf_i_by_field,saf_i_by_field,model_dat_fields,Special Address File,Type I Records,7229,drafted,"Model description + 4 key columns documented (place_name, multiplefield, b7sc_intersection, saftype). Needs your review."
saf_ov_generic_by_field,saf_ov_generic_by_field,model_dat_fields,Special Address File,Type O Records; Type V Records,"7286, 7677",drafted,"Model description + 9 key columns documented, most explaining the O-vs-V split (place_name, face_code, segment_seqnum, b5sc, high_hn, saftype, lgc1, x_coord, y_coord). Needs your review."
saf_ov_roadbed_by_field,saf_ov_roadbed_by_field,model_dat_fields,Special Address File,Type O Records; Type V Records,"7286, 7677",drafted,Shares saf_ov_generic_by_field's column docs. Needs your review.
saf_s_generic_by_field,saf_s_generic_by_field,model_dat_fields,Special Address File,Type S Records,7407,reconciled,Model description + 5 key columns documented; face_code's fallback traced to a self-contradictory tracked-changes edit in the legacy doc itself - see DOC-005 in doc_reconciliation_log.md. Needs your review.
saf_s_roadbed_by_field,saf_s_roadbed_by_field,model_dat_fields,Special Address File,Type S Records,7407,reconciled,"Shares saf_s_generic_by_field's column docs, including the DOC-005 finding. Needs your review."
sedat_by_field,sedat_by_field,model_dat_fields,SEDAT and Special SEDAT,SEDAT,7981,not_started,
special_sedat_by_field,special_sedat_by_field,model_dat_fields,SEDAT and Special SEDAT,Special SEDAT,8073,not_started,
rpl_by_field,rpl_by_field,model_dat_fields,Roadbed Pointer List,Roadbed Pointer List,8138,reconciled,"8/21 columns done, reconciled against legacy this session (notes on cardinality + missing-node error path added via doc_config.yml custom.elements). Remaining 13 columns (mostly node-level-code/filler fields) still need descriptions. Needs your review."
gdb_nyad,gdb_nyad,model_columns,District Boundary Geodatabase,District Boundary Geodatabase,8279,drafted,Model description already exists (all 43 gdb district feature classes do). Typically the geometry column is documented and the district-id column isn't - verify per-row. Not yet tagged export_doc or in doc_config.yml. These 43 rows are near-identical in shape (district id + geom); consider batching the write-up.
gdb_nyadwi,gdb_nyadwi,model_columns,District Boundary Geodatabase,District Boundary Geodatabase,8279,drafted,Model description already exists (all 43 gdb district feature classes do). Typically the geometry column is documented and the district-id column isn't - verify per-row. Not yet tagged export_doc or in doc_config.yml. These 43 rows are near-identical in shape (district id + geom); consider batching the write-up.
gdb_nyap,gdb_nyap,model_columns,District Boundary Geodatabase,District Boundary Geodatabase,8279,drafted,Model description already exists (all 43 gdb district feature classes do). Typically the geometry column is documented and the district-id column isn't - verify per-row. Not yet tagged export_doc or in doc_config.yml. These 43 rows are near-identical in shape (district id + geom); consider batching the write-up.
gdb_nybb,gdb_nybb,model_columns,District Boundary Geodatabase,District Boundary Geodatabase,8279,drafted,Model description already exists (all 43 gdb district feature classes do). Typically the geometry column is documented and the district-id column isn't - verify per-row. Not yet tagged export_doc or in doc_config.yml. These 43 rows are near-identical in shape (district id + geom); consider batching the write-up.
gdb_nybbwi,gdb_nybbwi,model_columns,District Boundary Geodatabase,District Boundary Geodatabase,8279,drafted,Model description already exists (all 43 gdb district feature classes do). Typically the geometry column is documented and the district-id column isn't - verify per-row. Not yet tagged export_doc or in doc_config.yml. These 43 rows are near-identical in shape (district id + geom); consider batching the write-up.
gdb_nybid,gdb_nybid,model_columns,District Boundary Geodatabase,District Boundary Geodatabase,8279,drafted,Model description already exists (all 43 gdb district feature classes do). Typically the geometry column is documented and the district-id column isn't - verify per-row. Not yet tagged export_doc or in doc_config.yml. These 43 rows are near-identical in shape (district id + geom); consider batching the write-up.
gdb_nycb2010,gdb_nycb2010,model_columns,District Boundary Geodatabase,District Boundary Geodatabase,8279,drafted,Model description already exists (all 43 gdb district feature classes do). Typically the geometry column is documented and the district-id column isn't - verify per-row. Not yet tagged export_doc or in doc_config.yml. These 43 rows are near-identical in shape (district id + geom); consider batching the write-up.
gdb_nycb2010wi,gdb_nycb2010wi,model_columns,District Boundary Geodatabase,District Boundary Geodatabase,8279,drafted,Model description already exists (all 43 gdb district feature classes do). Typically the geometry column is documented and the district-id column isn't - verify per-row. Not yet tagged export_doc or in doc_config.yml. These 43 rows are near-identical in shape (district id + geom); consider batching the write-up.
gdb_nycb2020,gdb_nycb2020,model_columns,District Boundary Geodatabase,District Boundary Geodatabase,8279,drafted,Model description already exists (all 43 gdb district feature classes do). Typically the geometry column is documented and the district-id column isn't - verify per-row. Not yet tagged export_doc or in doc_config.yml. These 43 rows are near-identical in shape (district id + geom); consider batching the write-up.
gdb_nycb2020wi,gdb_nycb2020wi,model_columns,District Boundary Geodatabase,District Boundary Geodatabase,8279,drafted,Model description already exists (all 43 gdb district feature classes do). Typically the geometry column is documented and the district-id column isn't - verify per-row. Not yet tagged export_doc or in doc_config.yml. These 43 rows are near-identical in shape (district id + geom); consider batching the write-up.
gdb_nycc,gdb_nycc,model_columns,District Boundary Geodatabase,District Boundary Geodatabase,8279,drafted,Model description already exists (all 43 gdb district feature classes do). Typically the geometry column is documented and the district-id column isn't - verify per-row. Not yet tagged export_doc or in doc_config.yml. These 43 rows are near-identical in shape (district id + geom); consider batching the write-up.
gdb_nyccwi,gdb_nyccwi,model_columns,District Boundary Geodatabase,District Boundary Geodatabase,8279,drafted,Model description already exists (all 43 gdb district feature classes do). Typically the geometry column is documented and the district-id column isn't - verify per-row. Not yet tagged export_doc or in doc_config.yml. These 43 rows are near-identical in shape (district id + geom); consider batching the write-up.
gdb_nycd,gdb_nycd,model_columns,District Boundary Geodatabase,District Boundary Geodatabase,8279,drafted,"PROOF-OF-CONCEPT model this session (tagged, in doc_config.yml). geom documented, district-id column (BoroCD) still undocumented. Needs your review."
gdb_nycdta2020,gdb_nycdta2020,model_columns,District Boundary Geodatabase,District Boundary Geodatabase,8279,drafted,Model description already exists (all 43 gdb district feature classes do). Typically the geometry column is documented and the district-id column isn't - verify per-row. Not yet tagged export_doc or in doc_config.yml. These 43 rows are near-identical in shape (district id + geom); consider batching the write-up.
gdb_nycdwi,gdb_nycdwi,model_columns,District Boundary Geodatabase,District Boundary Geodatabase,8279,drafted,Model description already exists (all 43 gdb district feature classes do). Typically the geometry column is documented and the district-id column isn't - verify per-row. Not yet tagged export_doc or in doc_config.yml. These 43 rows are near-identical in shape (district id + geom); consider batching the write-up.
gdb_nycg,gdb_nycg,model_columns,District Boundary Geodatabase,District Boundary Geodatabase,8279,drafted,Model description already exists (all 43 gdb district feature classes do). Typically the geometry column is documented and the district-id column isn't - verify per-row. Not yet tagged export_doc or in doc_config.yml. These 43 rows are near-identical in shape (district id + geom); consider batching the write-up.
gdb_nycgwi,gdb_nycgwi,model_columns,District Boundary Geodatabase,District Boundary Geodatabase,8279,drafted,Model description already exists (all 43 gdb district feature classes do). Typically the geometry column is documented and the district-id column isn't - verify per-row. Not yet tagged export_doc or in doc_config.yml. These 43 rows are near-identical in shape (district id + geom); consider batching the write-up.
gdb_nyct2010,gdb_nyct2010,model_columns,District Boundary Geodatabase,District Boundary Geodatabase,8279,drafted,Model description already exists (all 43 gdb district feature classes do). Typically the geometry column is documented and the district-id column isn't - verify per-row. Not yet tagged export_doc or in doc_config.yml. These 43 rows are near-identical in shape (district id + geom); consider batching the write-up.
gdb_nyct2010wi,gdb_nyct2010wi,model_columns,District Boundary Geodatabase,District Boundary Geodatabase,8279,drafted,Model description already exists (all 43 gdb district feature classes do). Typically the geometry column is documented and the district-id column isn't - verify per-row. Not yet tagged export_doc or in doc_config.yml. These 43 rows are near-identical in shape (district id + geom); consider batching the write-up.
gdb_nyct2020,gdb_nyct2020,model_columns,District Boundary Geodatabase,District Boundary Geodatabase,8279,drafted,Model description already exists (all 43 gdb district feature classes do). Typically the geometry column is documented and the district-id column isn't - verify per-row. Not yet tagged export_doc or in doc_config.yml. These 43 rows are near-identical in shape (district id + geom); consider batching the write-up.
gdb_nyct2020wi,gdb_nyct2020wi,model_columns,District Boundary Geodatabase,District Boundary Geodatabase,8279,drafted,Model description already exists (all 43 gdb district feature classes do). Typically the geometry column is documented and the district-id column isn't - verify per-row. Not yet tagged export_doc or in doc_config.yml. These 43 rows are near-identical in shape (district id + geom); consider batching the write-up.
gdb_nyed,gdb_nyed,model_columns,District Boundary Geodatabase,District Boundary Geodatabase,8279,drafted,Model description already exists (all 43 gdb district feature classes do). Typically the geometry column is documented and the district-id column isn't - verify per-row. Not yet tagged export_doc or in doc_config.yml. These 43 rows are near-identical in shape (district id + geom); consider batching the write-up.
gdb_nyedwi,gdb_nyedwi,model_columns,District Boundary Geodatabase,District Boundary Geodatabase,8279,drafted,Model description already exists (all 43 gdb district feature classes do). Typically the geometry column is documented and the district-id column isn't - verify per-row. Not yet tagged export_doc or in doc_config.yml. These 43 rows are near-identical in shape (district id + geom); consider batching the write-up.
gdb_nyfb,gdb_nyfb,model_columns,District Boundary Geodatabase,District Boundary Geodatabase,8279,drafted,Model description already exists (all 43 gdb district feature classes do). Typically the geometry column is documented and the district-id column isn't - verify per-row. Not yet tagged export_doc or in doc_config.yml. These 43 rows are near-identical in shape (district id + geom); consider batching the write-up.
gdb_nyfc,gdb_nyfc,model_columns,District Boundary Geodatabase,District Boundary Geodatabase,8279,drafted,Model description already exists (all 43 gdb district feature classes do). Typically the geometry column is documented and the district-id column isn't - verify per-row. Not yet tagged export_doc or in doc_config.yml. These 43 rows are near-identical in shape (district id + geom); consider batching the write-up.
gdb_nyfd,gdb_nyfd,model_columns,District Boundary Geodatabase,District Boundary Geodatabase,8279,drafted,Model description already exists (all 43 gdb district feature classes do). Typically the geometry column is documented and the district-id column isn't - verify per-row. Not yet tagged export_doc or in doc_config.yml. These 43 rows are near-identical in shape (district id + geom); consider batching the write-up.
gdb_nyha,gdb_nyha,model_columns,District Boundary Geodatabase,District Boundary Geodatabase,8279,drafted,Model description already exists (all 43 gdb district feature classes do). Typically the geometry column is documented and the district-id column isn't - verify per-row. Not yet tagged export_doc or in doc_config.yml. These 43 rows are near-identical in shape (district id + geom); consider batching the write-up.
gdb_nyhc,gdb_nyhc,model_columns,District Boundary Geodatabase,District Boundary Geodatabase,8279,drafted,Model description already exists (all 43 gdb district feature classes do). Typically the geometry column is documented and the district-id column isn't - verify per-row. Not yet tagged export_doc or in doc_config.yml. These 43 rows are near-identical in shape (district id + geom); consider batching the write-up.
gdb_nyhd,gdb_nyhd,model_columns,District Boundary Geodatabase,District Boundary Geodatabase,8279,drafted,Model description already exists (all 43 gdb district feature classes do). Typically the geometry column is documented and the district-id column isn't - verify per-row. Not yet tagged export_doc or in doc_config.yml. These 43 rows are near-identical in shape (district id + geom); consider batching the write-up.
gdb_nyhez,gdb_nyhez,model_columns,District Boundary Geodatabase,District Boundary Geodatabase,8279,drafted,Model description already exists (all 43 gdb district feature classes do). Typically the geometry column is documented and the district-id column isn't - verify per-row. Not yet tagged export_doc or in doc_config.yml. These 43 rows are near-identical in shape (district id + geom); consider batching the write-up.
gdb_nymc,gdb_nymc,model_columns,District Boundary Geodatabase,District Boundary Geodatabase,8279,drafted,Model description already exists (all 43 gdb district feature classes do). Typically the geometry column is documented and the district-id column isn't - verify per-row. Not yet tagged export_doc or in doc_config.yml. These 43 rows are near-identical in shape (district id + geom); consider batching the write-up.
gdb_nymcea,gdb_nymcea,model_columns,District Boundary Geodatabase,District Boundary Geodatabase,8279,drafted,Model description already exists (all 43 gdb district feature classes do). Typically the geometry column is documented and the district-id column isn't - verify per-row. Not yet tagged export_doc or in doc_config.yml. These 43 rows are near-identical in shape (district id + geom); consider batching the write-up.
gdb_nymcwi,gdb_nymcwi,model_columns,District Boundary Geodatabase,District Boundary Geodatabase,8279,drafted,Model description already exists (all 43 gdb district feature classes do). Typically the geometry column is documented and the district-id column isn't - verify per-row. Not yet tagged export_doc or in doc_config.yml. These 43 rows are near-identical in shape (district id + geom); consider batching the write-up.
gdb_nynta2010,gdb_nynta2010,model_columns,District Boundary Geodatabase,District Boundary Geodatabase,8279,drafted,Model description already exists (all 43 gdb district feature classes do). Typically the geometry column is documented and the district-id column isn't - verify per-row. Not yet tagged export_doc or in doc_config.yml. These 43 rows are near-identical in shape (district id + geom); consider batching the write-up.
gdb_nynta2020,gdb_nynta2020,model_columns,District Boundary Geodatabase,District Boundary Geodatabase,8279,drafted,Model description already exists (all 43 gdb district feature classes do). Typically the geometry column is documented and the district-id column isn't - verify per-row. Not yet tagged export_doc or in doc_config.yml. These 43 rows are near-identical in shape (district id + geom); consider batching the write-up.
gdb_nypp,gdb_nypp,model_columns,District Boundary Geodatabase,District Boundary Geodatabase,8279,drafted,Model description already exists (all 43 gdb district feature classes do). Typically the geometry column is documented and the district-id column isn't - verify per-row. Not yet tagged export_doc or in doc_config.yml. These 43 rows are near-identical in shape (district id + geom); consider batching the write-up.
gdb_nypuma2010,gdb_nypuma2010,model_columns,District Boundary Geodatabase,District Boundary Geodatabase,8279,drafted,Model description already exists (all 43 gdb district feature classes do). Typically the geometry column is documented and the district-id column isn't - verify per-row. Not yet tagged export_doc or in doc_config.yml. These 43 rows are near-identical in shape (district id + geom); consider batching the write-up.
gdb_nypuma2020,gdb_nypuma2020,model_columns,District Boundary Geodatabase,District Boundary Geodatabase,8279,drafted,Model description already exists (all 43 gdb district feature classes do). Typically the geometry column is documented and the district-id column isn't - verify per-row. Not yet tagged export_doc or in doc_config.yml. These 43 rows are near-identical in shape (district id + geom); consider batching the write-up.
gdb_nysd,gdb_nysd,model_columns,District Boundary Geodatabase,District Boundary Geodatabase,8279,drafted,Model description already exists (all 43 gdb district feature classes do). Typically the geometry column is documented and the district-id column isn't - verify per-row. Not yet tagged export_doc or in doc_config.yml. These 43 rows are near-identical in shape (district id + geom); consider batching the write-up.
gdb_nyss,gdb_nyss,model_columns,District Boundary Geodatabase,District Boundary Geodatabase,8279,drafted,Model description already exists (all 43 gdb district feature classes do). Typically the geometry column is documented and the district-id column isn't - verify per-row. Not yet tagged export_doc or in doc_config.yml. These 43 rows are near-identical in shape (district id + geom); consider batching the write-up.
gdb_nysswi,gdb_nysswi,model_columns,District Boundary Geodatabase,District Boundary Geodatabase,8279,drafted,Model description already exists (all 43 gdb district feature classes do). Typically the geometry column is documented and the district-id column isn't - verify per-row. Not yet tagged export_doc or in doc_config.yml. These 43 rows are near-identical in shape (district id + geom); consider batching the write-up.
gdb_nyura,gdb_nyura,model_columns,District Boundary Geodatabase,District Boundary Geodatabase,8279,drafted,Model description already exists (all 43 gdb district feature classes do). Typically the geometry column is documented and the district-id column isn't - verify per-row. Not yet tagged export_doc or in doc_config.yml. These 43 rows are near-identical in shape (district id + geom); consider batching the write-up.
gdb_nyzip,gdb_nyzip,model_columns,District Boundary Geodatabase,District Boundary Geodatabase,8279,drafted,Model description already exists (all 43 gdb district feature classes do). Typically the geometry column is documented and the district-id column isn't - verify per-row. Not yet tagged export_doc or in doc_config.yml. These 43 rows are near-identical in shape (district id + geom); consider batching the write-up.
ldf_base,ldf_base,model_columns,LDF,(none - see Appendix E; legacy doc line 719 says the ETL tool 'is not designed to generate LDF files'),,not_started,No legacy section to reconcile against - LDF postdates the original V8 spec. Write from code/design_doc.md understanding only; skip the reconciliation step for this one.
ldf_header_by_field,ldf_header_by_field,model_columns,LDF,"(none, see ldf_base note)",,not_started,"Model description exists, no columns yet."
ldf_n_by_field,ldf_n_by_field,model_columns,LDF,"(none, see ldf_base note)",,not_started,"Model description exists, 0/1 columns."
ldf_segment_by_field,ldf_segment_by_field,model_columns,LDF,"(none, see ldf_base note)",,not_started,"Model description exists, 0/1 columns."
nta2010_by_field,nta2010_by_field,model_columns,Census,(not found in legacy doc headings - verify before writing),,not_started,
nta2020_by_field,nta2020_by_field,model_columns,Census,(not found in legacy doc headings - verify before writing),,not_started,
cdta2020_by_field,cdta2020_by_field,model_columns,Census,(not found in legacy doc headings - verify before writing),,not_started,
appendix_a,,boilerplate,(appendices),Appendix A: Bytes of the Big Apple LION in ESRI Format,8641,not_started,
appendix_c,,boilerplate,(appendices),"Appendix C: Bytes LION: Populating ""Empty"" Fields",9101,not_started,
appendix_d,,boilerplate,(appendices),Appendix D: District Boundary Geodatabase (schema),9295,skip,Per-feature-class attribute schema is a linked external .htm file that didn't convert to text in this markdown export - nothing to extract. Our SQL-verified gdb_* column lists are already the more authoritative source.
appendix_e,,boilerplate,(appendices),Appendix E: File Naming Requirements,10791,not_started,Should cross-check against recipe.yml's exports: filenames directly.
glossary,,boilerplate,(new),N/A - new content,,not_started,CSCL already has a terminology glossary in design_doc.md Appendix A (linked from CONTRIBUTING.md/README.md) - decide whether to duplicate/summarize it here or just link out.
