output_group,file_group,subgroup,type,filename,file_id,has_db_qa,diffable,key_columns,description,status,status_summary,notes
flat_files,Census,Census,file,NTA.csv,nta_csv,false,true,,,done,Matches prod exactly,
flat_files,Census,Census,file,NTA.txt,nta_txt,false,true,,,done,Matches prod exactly,
flat_files,Census,Census,file,NTA2020.csv,nta2020_csv,false,true,,,done,Matches prod exactly,
flat_files,Census,Census,file,NTA2020.txt,nta2020_dat,false,true,,,done,Matches prod exactly,
flat_files,Census,Census,file,CDTA2020.csv,cdta2020_csv,false,true,,,done,Matches prod exactly,
flat_files,Census,Census,file,CDTA2020.txt,cdta2020_dat,false,true,,,done,Matches prod exactly,
flat_files,Census,Census,file,Generate_CDTA2020_Log.txt,cdta2020_dat_log,false,false,,,n/a,"Build log, not compared to prod",
flat_files,Census,Census,file,Generate_Neighbor_Tabulation_Area_Log.txt,nta_log,false,false,,,n/a,"Build log, not compared to prod",
flat_files,Census,Census,file,Generate_NTA2020_Log.txt,nta2020_log,false,false,,,n/a,"Build log, not compared to prod",
flat_files,District Equivalency,ThinFire,file,BronxThinFire.txt,thinfire_bronx,true,true,,,done,Matches prod exactly,See CSCL-THINFIRE-01 in data_issues.md
flat_files,District Equivalency,ThinFire,file,BrooklynThinFire.txt,thinfire_brooklyn,true,true,,,done,Matches prod exactly,See CSCL-THINFIRE-01 in data_issues.md
flat_files,District Equivalency,ThinFire,file,ManhattanThinFire.txt,thinfire_manhattan,true,true,,,done,Matches prod exactly,See CSCL-THINFIRE-01 in data_issues.md
flat_files,District Equivalency,ThinFire,file,QueensThinFire.txt,thinfire_queens,true,true,,,done,Matches prod exactly,See CSCL-THINFIRE-01 in data_issues.md
flat_files,District Equivalency,ThinFire,file,StatenIslandThinFire.txt,thinfire_statenisland,true,true,,,done,Matches prod exactly,
flat_files,District Equivalency,ThinLION,file,nyc.thinlion,thinlion_all,true,true,,,done,,""
flat_files,District Equivalency,ThinLION,file,BronxThinLION.txt,thinlion_bronx,true,true,,,done,,""
flat_files,District Equivalency,ThinLION,file,BrooklynThinLION.txt,thinlion_brooklyn,true,true,,,done,,""
flat_files,District Equivalency,ThinLION,file,ManhattanThinLION.txt,thinlion_manhattan,true,true,,,done,,""
flat_files,District Equivalency,ThinLION,file,QueensThinLION.txt,thinlion_queens,true,true,,,done,,""
flat_files,District Equivalency,ThinLION,file,StatenIslandThinLION.txt,thinlion_statenisland,true,true,,,done,,""
flat_files,District Equivalency,ThinED,file,thined.txt,thined_dat,true,true,,,done,"","Small todo: Follow up with GS about header vars. Bigger todo: plan a better approach with them."
flat_files,Face Code File,Face Code File,file,BronxFace.txt,bronx_face_code,false,true,,,done,Matches prod exactly,
flat_files,Face Code File,Face Code File,file,BrooklynFace.txt,brooklyn_face_code,false,true,,,done,Matches prod exactly,
flat_files,Face Code File,Face Code File,file,ManhattanFace.txt,manhattan_face_code,false,true,,,done,Matches prod exactly,
flat_files,Face Code File,Face Code File,file,QueensFace.txt,queens_face_code,false,true,,,done,Matches prod exactly,
flat_files,Face Code File,Face Code File,file,StatenIslandFace.txt,staten_island_face_code,false,true,,,done,Matches prod exactly,
flat_files,LION Difference Files,LION Difference Files,file,LDF.dat,ldf_dat,true,true,,,blocked,Rethinking our approach; pending GR/Steve discussion,"CSCL-LDF-01: our lineage-graph approximation of the transitory-elimination rule disagrees with prod on which intermediate segment/node records survive. Documented as ~3% as of 26b; measuring ~8% on 26c (may be drift, not the same gap - worth rechecking). Needs both an internal rework of our approach and a discussion with GR and Steve before proceeding."
flat_files,LION Difference Files,LION Difference Files,file,LDF.header,ldf_header,true,true,,,done,,"See thined. Same TODOs apply."
flat_files,LION Difference Files,LION Difference Files,file,original_LDF.dat,ldf_dat_original,true,false,,,n/a,"Input artifact only, not compared to prod",
flat_files,LION flat files,LION flat files,file,BronxLION.dat,lion_dat_bronx,true,true,,,done,Matches prod exactly,"discrepant_rows_from_file_comparison is ~2x accounted_for_discrepant_rows - see lion_dat_brooklyn/manhattan/queens/statenisland for the counting-convention explanation. The 1 previously-unaccounted row (segmentid 359093, coincident_seg_count) is CSCL-LION-14 - see data_issues.md."
flat_files,LION flat files,LION flat files,file,BrooklynLION.dat,lion_dat_brooklyn,true,true,,,done,Matches prod exactly,"discrepant_rows_from_file_comparison is ~2x accounted_for_discrepant_rows - the line-level file-diff tool counts both sides of a changed line (old + new) while the field-level QA model counts one row per diff. A counting-convention difference, not a real gap - 0 unaccounted rows once backed out."
flat_files,LION flat files,LION flat files,file,ManhattanLION.dat,lion_dat_manhattan,true,true,,,done,Matches prod exactly,"discrepant_rows_from_file_comparison is ~2x accounted_for_discrepant_rows - the line-level file-diff tool counts both sides of a changed line (old + new) while the field-level QA model counts one row per diff. A counting-convention difference, not a real gap - 0 unaccounted rows once backed out."
flat_files,LION flat files,LION flat files,file,QueensLION.dat,lion_dat_queens,true,true,,,done,Matches prod exactly,"discrepant_rows_from_file_comparison is ~2x accounted_for_discrepant_rows - the line-level file-diff tool counts both sides of a changed line (old + new) while the field-level QA model counts one row per diff. A counting-convention difference, not a real gap - 0 unaccounted rows once backed out."
flat_files,LION flat files,LION flat files,file,StatenIslandLION.dat,lion_dat_statenisland,true,true,,,done,Matches prod exactly,"discrepant_rows_from_file_comparison is ~2x accounted_for_discrepant_rows - the line-level file-diff tool counts both sides of a changed line (old + new) while the field-level QA model counts one row per diff. A counting-convention difference, not a real gap - 0 unaccounted rows once backed out."
flat_files,Normalizing Tables,Enders,file,Enders.txt,enders,true,true,,,blocked,Suspected stale data in prod normalizing tables,See docs/prod_bugs/010-featurename-normalizing-tables-stale-accretion.md
flat_files,Normalizing Tables,Exception,file,Exception.txt,exception,true,true,,,blocked,Suspected stale data in prod normalizing tables,See docs/prod_bugs/010-featurename-normalizing-tables-stale-accretion.md
flat_files,Normalizing Tables,Word Tables,file,LastWord.txt,last_word,true,true,,,done,Matches prod exactly,
flat_files,Normalizing Tables,Word Tables,file,Universal.txt,universal_word,true,true,,,done,Matches prod exactly,
flat_files,OTHER,Logs,file,log.csv,log,false,false,,,n/a,"Build log, not compared to prod",
flat_files,RPL,RPL,file,RPL.txt,rpl,true,true,,,done,Matches prod exactly,
flat_files,SAF,SAF,file,Intersection.txt,saf_i,true,true,,,done,Matches prod exactly,
flat_files,SAF,SAF,file,RoadbedABCEGNPX.txt,saf_abcegnpx_roadbed,true,true,,,blocked,Small row-count gaps - traced (2 mechanisms) but not GR-confirmed,See docs/prod_bugs/017-saf-abcegnpx-stale-prod-source-snapshot.md
flat_files,SAF,SAF,file,RoadbedD.txt,saf_d_roadbed,true,true,,,done,Matches prod exactly,
flat_files,SAF,SAF,file,RoadbedOV.txt,saf_ov_roadbed,true,true,,,done,Matches prod exactly,
flat_files,SAF,SAF,file,RoadbedS.txt,saf_s_roadbed,true,true,,,blocked,Stale LGC assignments in prod - traced but not GR-confirmed,See data_issues.md CSCL-SAF-01
flat_files,SAF,SAF,file,GenericABCEGNPX.txt,saf_abcegnpx_generic,true,true,,,blocked,Small row-count gaps - traced (2 mechanisms) but not GR-confirmed,See docs/prod_bugs/017-saf-abcegnpx-stale-prod-source-snapshot.md
flat_files,SAF,SAF,file,GenericD.txt,saf_d_generic,true,true,,,done,Matches prod exactly,
flat_files,SAF,SAF,file,GenericOV.txt,saf_ov_generic,true,true,,,done,Matches prod exactly,
flat_files,SAF,SAF,file,GenericS.txt,saf_s_generic,true,true,,,blocked,Stale LGC assignments in prod - traced but not GR-confirmed,See data_issues.md CSCL-SAF-01
flat_files,SEDAT,SEDAT,file,SEDAT.txt,sedat,true,true,,,done,Matches prod exactly,
flat_files,SEDAT,SpecialSEDAT,file,SpecialSEDAT.txt,special_sedat,true,true,,,done,Matches prod exactly (both sides empty this quarter),
flat_files,SND,SND,file,SND.txt,snd,true,true,,,blocked,Suspected stale data in prod normalizing tables,See docs/prod_bugs/010-featurename-normalizing-tables-stale-accretion.md
lion_gdb,gdb,LION gdb,layer,node,gdb_node,true,true,NODEID,,done,Matches prod exactly,
lion_gdb,gdb,LION gdb,layer,lion,gdb_lion,true,true,SegmentID|Join_ID,,open,ArcCenterX/ArcCenterY/Radius all implemented (CSCL-LION-07) - layer has no key that achieves precise row-level diffing (SAF-replicant multiplicity); Generic-segment house numbers not consistently zeroed in prod (CSCL-LION-15),Switched key_columns from LBoro|FaceCode|SeqNum - see CSCL-LION-10/CSCL-LION-07/CSCL-LION-15 updates. House-number check: qa__diffs_lion_house_numbers
lion_gdb,gdb,LION gdb,layer,node_stname,gdb_node_stname,true,true,NODEID|STNAME,,done,Matches prod (38 residual rows out of 245K),
lion_gdb,gdb,LION gdb,layer,altnames,gdb_altnames,true,true,PDir|PType|SName|SType|SDir|Street|Join_ID,,blocked,Prod altnames output is roughly a decade stale,See docs/prod_bugs/011-altnames-saf-replicant-join-ids.md
district_gdb,gdb,District gdb,layer,nyad,gdb_nyad,true,true,AssemDist,Assembly Districts built from the AtomicPolygon topology,done,Matches prod exactly,"Built from the AtomicPolygon topology (int__boundary__*): districts are assembled from AP edges classified by membership, so boundaries follow AP edges exactly and no shoreline clipping or polygon overlay is involved."
district_gdb,gdb,District gdb,layer,nyadwi,gdb_nyadwi,true,true,AssemDist,"Assembly Districts, water included, built from the AtomicPolygon topology",done,Matches prod exactly,"Built from the AtomicPolygon topology (int__boundary__*): districts are assembled from AP edges classified by membership, so boundaries follow AP edges exactly and no shoreline clipping or polygon overlay is involved. Water APs carrying the district's id are part of it."
district_gdb,gdb,District gdb,layer,nyap,gdb_nyap,true,true,ATOMICID,Atomic Polygons,done,Matches prod exactly,"The AtomicPolygon layer itself, published from the CSCL source."
district_gdb,gdb,District gdb,layer,nybb,gdb_nybb,true,true,BoroCode,Borough Boundaries built from the AtomicPolygon topology,done,Matches prod exactly,"Built from the AtomicPolygon topology (int__boundary__*): districts are assembled from AP edges classified by membership, so boundaries follow AP edges exactly and no shoreline clipping or polygon overlay is involved."
district_gdb,gdb,District gdb,layer,nybbwi,gdb_nybbwi,true,true,BoroCode,"Borough Boundaries, water included, built from the AtomicPolygon topology",done,Matches prod exactly,"Built from the AtomicPolygon topology (int__boundary__*): districts are assembled from AP edges classified by membership, so boundaries follow AP edges exactly and no shoreline clipping or polygon overlay is involved. Water APs carrying the district's id are part of it."
district_gdb,gdb,District gdb,layer,nybid,gdb_nybid,true,true,BIDID,Business Improvement Districts,done,Matches prod exactly,"Published from the CSCL source polygons as-is: its boundaries don't follow AtomicPolygon edges, so it isn't built from the topology."
district_gdb,gdb,District gdb,layer,nycb2010,gdb_nycb2010,true,true,BCTCB2010,2010 Census Blocks built from the AtomicPolygon topology,done,"12 rows differ, all explained: 10 rows are 5 block pairs where prod's block layer disagrees with the AtomicPolygons; 2 are a key label (our 10223013005 = prod 10223003005)","Built from the AtomicPolygon topology (int__boundary__*): districts are assembled from AP edges classified by membership, so boundaries follow AP edges exactly and no shoreline clipping or polygon overlay is involved. Prod's census block layer draws the line between a few block pairs somewhere other than the AtomicPolygon edges (an AP's area lands in the neighbouring block); we follow the APs. In both pairs that cross a tract line, prod's own tract layer agrees with the APs, contradicting prod's block layer. Pairs: 10212003000/10212004002 (Mn), 40383021003/40383021016 (Qn), 30393001000/30393001001 (Bk), 30294001008/30304001008 (Bk), 20235022000/20381002000 (Bx). Pending confirmation with GR. Label: the APs put block 10223003005's land in tract 022301, so we publish 10223013005 (identical geometry); prod's block layer says tract 022300."
district_gdb,gdb,District gdb,layer,nycb2010wi,gdb_nycb2010wi,true,true,BCTCB2010,"2010 Census Blocks, water included, built from the AtomicPolygon topology",done,"15 rows differ, all prod-side: the nycb2010 block pairs and label, block 39901000007/8 (prod's block layer contradicts prod's AP layer), block 10001001000 (Ellis Island patch outside the APs), and hole/ring representation","Built from the AtomicPolygon topology (int__boundary__*): districts are assembled from AP edges classified by membership, so boundaries follow AP edges exactly and no shoreline clipping or polygon overlay is involved. Water APs carrying the block are part of it. Prod's census block layer draws the line between a few block pairs somewhere other than the AtomicPolygon edges (an AP's area lands in the neighbouring block); we follow the APs. In both pairs that cross a tract line, prod's own tract layer agrees with the APs, contradicting prod's block layer. Pairs: 10212003000/10212004002 (Mn), 40383021003/40383021016 (Qn), 30393001000/30393001001 (Bk), 30294001008/30304001008 (Bk), 20235022000/20381002000 (Bx). Pending confirmation with GR. Block 39901000007/8: water AP 3990100031 is block 0007 in prod's own nyap, but prod's block layer draws its 34,508 sq ft into 39901000008; we follow the AP. Tract 1000100 / block 10001001000: prod's census layers include a 1,417 sq ft patch at Ellis Island that no AP covers and prod's own nybbwi and nyap don't either (prod's census lines run past the AP / borough edge there); we follow the APs. Blocks where we publish a hole and prod a self-touching ring (equal area), or two parts prod joins with a zero-area bridge, are representation only (see GR question inv-3vi.9)."
district_gdb,gdb,District gdb,layer,nycb2020,gdb_nycb2020,true,true,BCTCB2020,2020 Census Blocks built from the AtomicPolygon topology,done,"8 rows differ, all explained: 3 block pairs where prod's block layer disagrees with the AtomicPolygons, plus 2 blocks split by a source AP overlap/pinch point (area identical)","Built from the AtomicPolygon topology (int__boundary__*): districts are assembled from AP edges classified by membership, so boundaries follow AP edges exactly and no shoreline clipping or polygon overlay is involved. Prod's census block layer draws the line between a few block pairs somewhere other than the AtomicPolygon edges (an AP's area lands in the neighbouring block); we follow the APs. In both pairs that cross a tract line, prod's own tract layer agrees with the APs, contradicting prod's block layer. Pairs: 10212003000/10212004002 (Mn), 40383021003/40383021016 (Qn), 30393001000/30393001001 (Bk), 30294001008/30304001008 (Bk), 20235022000/20381002000 (Bx). Pending confirmation with GR. Blocks 40214003005 and 20395004012: identical area; ours has 2 parts where prod has 1 - in 40214003005 a 45 sq ft sliver AP (4021400227) that overlaps its neighbour in the source data becomes its own part (adds 386 ft of length); in 20395004012 the block's two halves meet at a single point."
district_gdb,gdb,District gdb,layer,nycb2020wi,gdb_nycb2020wi,true,true,BCTCB2020,"2020 Census Blocks, water included, built from the AtomicPolygon topology",done,"10 rows differ, all prod-side: the nycb2020 block pairs, block 10001001000 (Ellis Island patch outside the APs), and hole/part representation","Built from the AtomicPolygon topology (int__boundary__*): districts are assembled from AP edges classified by membership, so boundaries follow AP edges exactly and no shoreline clipping or polygon overlay is involved. Water APs carrying the block are part of it. Prod's census block layer draws the line between a few block pairs somewhere other than the AtomicPolygon edges (an AP's area lands in the neighbouring block); we follow the APs. In both pairs that cross a tract line, prod's own tract layer agrees with the APs, contradicting prod's block layer. Pairs: 10212003000/10212004002 (Mn), 40383021003/40383021016 (Qn), 30393001000/30393001001 (Bk), 30294001008/30304001008 (Bk), 20235022000/20381002000 (Bx). Pending confirmation with GR. Tract 1000100 / block 10001001000: prod's census layers include a 1,417 sq ft patch at Ellis Island that no AP covers and prod's own nybbwi and nyap don't either (prod's census lines run past the AP / borough edge there); we follow the APs. Blocks where we publish a hole and prod a self-touching ring (equal area), or two parts prod joins with a zero-area bridge, are representation only (see GR question inv-3vi.9)."
district_gdb,gdb,District gdb,layer,nycc,gdb_nycc,true,true,CounDist,City Council Districts built from the AtomicPolygon topology,done,"4 rows differ, all explained: council 38/47 (an ED the roster assigns to 47 that prod puts in 38), council 24 (the source AP overlap shared with ED 24035), council 32 (prod slivers, SHAPE_Length only)","Built from the AtomicPolygon topology (int__boundary__*): districts are assembled from AP edges classified by membership, so boundaries follow AP edges exactly and no shoreline clipping or polygon overlay is involved. Membership via the THINED ED roster. ED 61/109 (a water_flag 3 AP, 35,172 sq ft) is council 47 in the roster but in 38 in prod. Pending confirmation with GR."
district_gdb,gdb,District gdb,layer,nyccwi,gdb_nyccwi,true,true,CounDist,"City Council Districts, water included, built from the AtomicPolygon topology",done,"3 rows differ, all explained: council 38/47 (ED 61/112, a 27.7M sq ft water-only ED the roster assigns to 47, prod to 38) and council 24 (source AP overlap)","Built from the AtomicPolygon topology (int__boundary__*): districts are assembled from AP edges classified by membership, so boundaries follow AP edges exactly and no shoreline clipping or polygon overlay is involved. Water APs carrying the district are part of it. Pending confirmation with GR."
district_gdb,gdb,District gdb,layer,nycd,gdb_nycd,true,true,BoroCD,Community Districts built from the AtomicPolygon topology,done,Matches prod exactly,"Built from the AtomicPolygon topology (int__boundary__*): districts are assembled from AP edges classified by membership, so boundaries follow AP edges exactly and no shoreline clipping or polygon overlay is involved."
district_gdb,gdb,District gdb,layer,nycdta2020,gdb_nycdta2020,true,true,CDTA2020,Community District Tabulation Areas 2020 built from the AtomicPolygon topology,done,"17 rows differ, all prod-side: needle sliver parts (366 parts < 1 sq ft), and spikes inherited from the NTAs","Built from the AtomicPolygon topology (int__boundary__*): districts are assembled from AP edges classified by membership, so boundaries follow AP edges exactly and no shoreline clipping or polygon overlay is involved. Prod's overlay-built layer carries hairline sliver parts (< 1 sq ft each) that inflate SHAPE_Length and part counts; ours has none. Spikes carry over from the NTAs (see nynta2020): MN03, MN01 and BX09 have spikes over 5 ft. Pending confirmation with GR that dropping them is fine."
district_gdb,gdb,District gdb,layer,nycdwi,gdb_nycdwi,true,true,BoroCD,"Community Districts, water included, built from the AtomicPolygon topology",done,Matches prod exactly,"Built from the AtomicPolygon topology (int__boundary__*): districts are assembled from AP edges classified by membership, so boundaries follow AP edges exactly and no shoreline clipping or polygon overlay is involved. Water APs carrying the district's id are part of it."
district_gdb,gdb,District gdb,layer,nycg,gdb_nycg,true,true,CongDist,Congressional Districts built from the AtomicPolygon topology,done,Matches prod exactly,"Built from the AtomicPolygon topology (int__boundary__*): districts are assembled from AP edges classified by membership, so boundaries follow AP edges exactly and no shoreline clipping or polygon overlay is involved."
district_gdb,gdb,District gdb,layer,nycgwi,gdb_nycgwi,true,true,CongDist,"Congressional Districts, water included, built from the AtomicPolygon topology",done,Matches prod exactly,"Built from the AtomicPolygon topology (int__boundary__*): districts are assembled from AP edges classified by membership, so boundaries follow AP edges exactly and no shoreline clipping or polygon overlay is involved. Water APs carrying the district's id are part of it."
district_gdb,gdb,District gdb,layer,nyct2010,gdb_nyct2010,true,true,BoroCT2010,2010 Census Tracts built from the AtomicPolygon topology,done,"2 rows differ, both a key label: the Lower Bay islands off Staten Island are tract 5990100 in the APs, labeled 4990100 (a Queens tract) in prod","Built from the AtomicPolygon topology (int__boundary__*): districts are assembled from AP edges classified by membership, so boundaries follow AP edges exactly and no shoreline clipping or polygon overlay is involved. The two islands (presumably Hoffman and Swinburne) are borough 5 in the AP attributes; prod's tract layer labels them 4990100 while prod's block layer labels the same land 59901000003 (SI). Geometry identical. Pending confirmation with GR."
district_gdb,gdb,District gdb,layer,nyct2010wi,gdb_nyct2010wi,true,true,BoroCT2010,"2010 Census Tracts, water included, built from the AtomicPolygon topology",done,"5 rows differ, all prod-side: 4 are tract-990100 labels (prod labels the Brooklyn, Queens and SI water tracts all 4990100; areas match); tract 1000100 has a 1,417 sq ft Ellis Island patch outside the APs","Built from the AtomicPolygon topology (int__boundary__*): districts are assembled from AP edges classified by membership, so boundaries follow AP edges exactly and no shoreline clipping or polygon overlay is involved. Water APs carrying the tract are part of it. Tract 1000100 / block 10001001000: prod's census layers include a 1,417 sq ft patch at Ellis Island that no AP covers and prod's own nybbwi and nyap don't either (prod's census lines run past the AP / borough edge there); we follow the APs."
district_gdb,gdb,District gdb,layer,nyct2020,gdb_nyct2020,true,true,BoroCT2020,2020 Census Tracts built from the AtomicPolygon topology,done,Matches prod exactly,"Built from the AtomicPolygon topology (int__boundary__*): districts are assembled from AP edges classified by membership, so boundaries follow AP edges exactly and no shoreline clipping or polygon overlay is involved."
district_gdb,gdb,District gdb,layer,nyct2020wi,gdb_nyct2020wi,true,true,BoroCT2020,"2020 Census Tracts, water included, built from the AtomicPolygon topology",done,"1 row differs, prod-side: tract 1000100 has a 1,417 sq ft Ellis Island patch outside the APs","Built from the AtomicPolygon topology (int__boundary__*): districts are assembled from AP edges classified by membership, so boundaries follow AP edges exactly and no shoreline clipping or polygon overlay is involved. Water APs carrying the tract are part of it. Tract 1000100 / block 10001001000: prod's census layers include a 1,417 sq ft patch at Ellis Island that no AP covers and prod's own nybbwi and nyap don't either (prod's census lines run past the AP / borough edge there); we follow the APs."
district_gdb,gdb,District gdb,layer,nyed,gdb_nyed,true,true,ElectDist,Election Districts built from the AtomicPolygon topology,done,"1 row differs (ED 24035): area identical, +386 ft SHAPE_Length from a sliver AP that overlaps its neighbour in the source data","Built from the AtomicPolygon topology (int__boundary__*): districts are assembled from AP edges classified by membership, so boundaries follow AP edges exactly and no shoreline clipping or polygon overlay is involved. AP 4021400227 (a 45 sq ft triangle) overlaps AP 4021400220 by 0.012 sq ft in the source; their edges cross, and after noding the triangle is its own part, adding its 386 ft perimeter. Membership via the THINED ED roster (AD + ED)."
district_gdb,gdb,District gdb,layer,nyedwi,gdb_nyedwi,true,true,ElectDist,"Election Districts, water included, built from the AtomicPolygon topology",done,1 row differs (ED 24035): the same source AP overlap as nyed (area identical),"Built from the AtomicPolygon topology (int__boundary__*): districts are assembled from AP edges classified by membership, so boundaries follow AP edges exactly and no shoreline clipping or polygon overlay is involved. Water APs carrying the ED are part of it."
district_gdb,gdb,District gdb,layer,nyfb,gdb_nyfb,true,true,FireBN,Fire Battalions built from the AtomicPolygon topology,done,Matches prod exactly,"Built from the AtomicPolygon topology (int__boundary__*): districts are assembled from AP edges classified by membership, so boundaries follow AP edges exactly and no shoreline clipping or polygon overlay is involved."
district_gdb,gdb,District gdb,layer,nyfc,gdb_nyfc,true,true,FireCoType|FireCoNum,Fire Companies built from the AtomicPolygon topology,done,Matches prod exactly,"Built from the AtomicPolygon topology (int__boundary__*): districts are assembled from AP edges classified by membership, so boundaries follow AP edges exactly and no shoreline clipping or polygon overlay is involved."
district_gdb,gdb,District gdb,layer,nyfd,gdb_nyfd,true,true,FireDiv,Fire Divisions built from the AtomicPolygon topology,done,Matches prod exactly,"Built from the AtomicPolygon topology (int__boundary__*): districts are assembled from AP edges classified by membership, so boundaries follow AP edges exactly and no shoreline clipping or polygon overlay is involved."
district_gdb,gdb,District gdb,layer,nyha,gdb_nyha,true,true,BoroCode|HealthArea,Health Areas built from the AtomicPolygon topology,done,Matches prod exactly,"Built from the AtomicPolygon topology (int__boundary__*): districts are assembled from AP edges classified by membership, so boundaries follow AP edges exactly and no shoreline clipping or polygon overlay is involved."
district_gdb,gdb,District gdb,layer,nyhc,gdb_nyhc,true,true,HCentDist,Health Center Districts built from the AtomicPolygon topology,done,Matches prod exactly,"Built from the AtomicPolygon topology (int__boundary__*): districts are assembled from AP edges classified by membership, so boundaries follow AP edges exactly and no shoreline clipping or polygon overlay is involved."
district_gdb,gdb,District gdb,layer,nyhd,gdb_nyhd,true,true,NAME,Historic Districts,done,Matches prod exactly,"Published from the CSCL source polygons as-is: its boundaries don't follow AtomicPolygon edges, so it isn't built from the topology."
district_gdb,gdb,District gdb,layer,nyhez,gdb_nyhez,true,true,HURRICANE_EVACUATION_ZONE,Hurricane Evacuation Zones built from the AtomicPolygon topology,done,Matches prod exactly,"Built from the AtomicPolygon topology (int__boundary__*): districts are assembled from AP edges classified by membership, so boundaries follow AP edges exactly and no shoreline clipping or polygon overlay is involved. Water APs assigned a zone are part of it. Zone 5 wraps a zone-6 block near Clason Point (Bronx) that touches zone 5's outline only at corner points; districts are assembled by face membership rather than ring parity so that block stays zone 6, as in every source (AP attribute, CSCL HEZ polygons, prod). Whether that block really is zone 6 is a question for the data owner, pending."
district_gdb,gdb,District gdb,layer,nymc,gdb_nymc,true,true,BoroCode|MuniCourt,Municipal Court Districts built from the AtomicPolygon topology,done,"3 rows differ, all from the ED roster: court 404 includes ED 33/011 (36 Queens APs the roster labels court 04, absent from prod); courts 305/301 include water_flag 3 APs whose source court polygon is the '00' placeholder","Built from the AtomicPolygon topology (int__boundary__*): districts are assembled from AP edges classified by membership, so boundaries follow AP edges exactly and no shoreline clipping or polygon overlay is involved. Membership via the THINED ED roster; id is borough || court; the '00' placeholder is excluded. Pending confirmation with GR."
district_gdb,gdb,District gdb,layer,nymcea,gdb_nymcea,true,true,BOROCODE|MCEA,Minor Census Economic Areas built from the AtomicPolygon topology,done,"Matches prod: 122 rows, each matching a prod row on MCEA, area and part count (fixed after the 2026-10-09 build, which published one row per part)","Built from the AtomicPolygon topology (int__boundary__*): districts are assembled from AP edges classified by membership, so boundaries follow AP edges exactly and no shoreline clipping or polygon overlay is involved. Rows: one per connected piece of the MCEA's dissolved 2000 census tracts, as prod groups them - tract polygons include their water, so land parts across a waterway share a row (MCEA 0801: three rows holding 1, 1 and 16 parts)."
district_gdb,gdb,District gdb,layer,nymcwi,gdb_nymcwi,true,true,BoroCode|MuniCourt,"Municipal Court Districts, water included, built from the AtomicPolygon topology",done,"3 rows differ, the same ED-roster assignments as nymc","Built from the AtomicPolygon topology (int__boundary__*): districts are assembled from AP edges classified by membership, so boundaries follow AP edges exactly and no shoreline clipping or polygon overlay is involved. Water APs carrying the district are part of it. Pending confirmation with GR."
district_gdb,gdb,District gdb,layer,nynta2010,gdb_nynta2010,true,true,NTACode,Neighborhood Tabulation Areas 2010 built from the AtomicPolygon topology,done,"Matches prod exactly (the 1 row in the 2026-10-09 build, QN99's borough, was fixed after that build)","Built from the AtomicPolygon topology (int__boundary__*): districts are assembled from AP edges classified by membership, so boundaries follow AP edges exactly and no shoreline clipping or polygon overlay is involved. Borough is the borough holding most of the NTA's AP area: QN99 (Queens parks and cemeteries) has a few Brooklyn APs."
district_gdb,gdb,District gdb,layer,nynta2020,gdb_nynta2020,true,true,NTA2020,Neighborhood Tabulation Areas 2020 built from the AtomicPolygon topology,done,"32 rows differ, all prod-side: needle sliver parts (472 parts < 1 sq ft), and needle spikes on 9 NTAs; real part count matches exactly","Built from the AtomicPolygon topology (int__boundary__*): districts are assembled from AP edges classified by membership, so boundaries follow AP edges exactly and no shoreline clipping or polygon overlay is involved. Prod has 472 parts under 1 sq ft (8 sq ft in total, 77,120 ft of perimeter) across 32 NTAs; excluding them prod has exactly our 399 parts. Prod also has zero-area spikes (up to 240 ft) attached to 9 NTAs (MN1102, BX1001, MN1292, MN0101, MN0303, BK1803, MN0302, BX0903, MN0191); every vertex more than 5 ft from the other boundary is on prod's side. Compared at the same linearization (linearize()), no other difference is over 31 sq ft. Borough is the borough holding most of the NTA's AP area (Rikers Island's QN0151 belongs to a Queens CDTA but is in the Bronx)."
district_gdb,gdb,District gdb,layer,nypp,gdb_nypp,true,true,Precinct,Police Precincts: NYPD source precinct polygons clipped to land,done,"Area within 0.01% of prod for 77 of 78 precincts; precinct 113 (0.02%) is prod-side: prod clipped it to a different Jamaica Bay / JFK shoreline than prod's own nybb. 13 SHAPE_Length diffs: prod slivers (9) and shoreline slits (4)","Not built from the AtomicPolygon topology: NYPD's precinct and beat lines don't follow AP edges (they cut through hundreds of APs), so no AP-level assignment reproduces them. Land is the union of the topology-built borough boundaries (int__boundary__bb), so the shoreline matches every other layer; parts and holes under 100 sq ft are dropped (hairline slivers where a precinct line runs almost along the shoreline). Prod's own layer carries many more small parts (462 vs our 182), so part counts and SHAPE_Length may still differ. Precinct 113: all 43,419 sq ft only we have lies inside prod's own nybb (Queens), and only 7 of the 31,844 sq ft only prod has does; the pieces follow AP water_flag 2 (ours) vs 1 (prod) along the shore, so prod's precinct clip used an older or different shoreline than its borough layer. The gdb file comparison flags 13 precincts, all on SHAPE_Length (area is within 0.003% for every one): in 9 (61, 17, 50, 19, 43, 72, 63, 23, 113) ours is shorter by the perimeter of prod's parts under 100 sq ft, which we drop; in 4 (41, 88, 110, 120) ours is longer because it follows hairline shoreline slits that prod's own nybb has (our shoreline is 0 ft from prod's there) but prod's precinct clip cuts across."
district_gdb,gdb,District gdb,layer,nypuma2010,gdb_nypuma2010,true,true,PUMA,Public Use Microdata Areas (PUMA) 2010 built from the AtomicPolygon topology,done,Matches prod exactly,"Built from the AtomicPolygon topology (int__boundary__*): districts are assembled from AP edges classified by membership, so boundaries follow AP edges exactly and no shoreline clipping or polygon overlay is involved."
district_gdb,gdb,District gdb,layer,nypuma2020,gdb_nypuma2020,true,true,PUMA,Public Use Microdata Areas (PUMA) 2020 built from the AtomicPolygon topology,done,Matches prod; the one flagged row (PUMA 4414) differs only by 6 needle-sliver parts < 1 sq ft in prod,"Built from the AtomicPolygon topology (int__boundary__*): districts are assembled from AP edges classified by membership, so boundaries follow AP edges exactly and no shoreline clipping or polygon overlay is involved. PUMA 4414: 20 parts ours vs 26 prod, the extra 6 all < 1 sq ft (100 ft of perimeter); area identical."
district_gdb,gdb,District gdb,layer,nysd,gdb_nysd,true,true,SchoolDist,School Districts built from the AtomicPolygon topology,done,Matches prod exactly,"Built from the AtomicPolygon topology (int__boundary__*): districts are assembled from AP edges classified by membership, so boundaries follow AP edges exactly and no shoreline clipping or polygon overlay is involved. District 10 is published once per borough (Bronx and Manhattan), every other district whole, as in prod."
district_gdb,gdb,District gdb,layer,nyss,gdb_nyss,true,true,StSenDist,State Senatorial Districts built from the AtomicPolygon topology,done,Matches prod exactly,"Built from the AtomicPolygon topology (int__boundary__*): districts are assembled from AP edges classified by membership, so boundaries follow AP edges exactly and no shoreline clipping or polygon overlay is involved."
district_gdb,gdb,District gdb,layer,nysswi,gdb_nysswi,true,true,StSenDist,"State Senatorial Districts, water included, built from the AtomicPolygon topology",done,Matches prod exactly,"Built from the AtomicPolygon topology (int__boundary__*): districts are assembled from AP edges classified by membership, so boundaries follow AP edges exactly and no shoreline clipping or polygon overlay is involved. Water APs carrying the district's id are part of it."
district_gdb,gdb,District gdb,layer,nyura,gdb_nyura,true,true,URAID,Urban Renewal Areas,done,Matches prod (both empty),The source urban renewal area layer has no rows; prod has none either.
district_gdb,gdb,District gdb,layer,nyzip,gdb_nyzip,true,true,ZIP_CODE,Zip Code Areas,done,Matches prod exactly,"Published from the CSCL source polygons as-is: its boundaries don't follow AtomicPolygon edges, so it isn't built from the topology."
