fy22_unique_id,fy21_unique_id
184460,174571
185218,174557
184459,174549
183449,174607
182974,181136
185938,181183
183489,174586
183490,174562
183250,174602
184402,181457
185223,181454
185221,181447
183288,181464
185222,181452
183801,181564
185234,180975
185225,174942
185226,174945
185236,180890
183522,175008
185658,181689
185820,174781
185918,181743
183452,175178
183421,175220
184514,180995
184513,180998
185058,175317
182810,175377
183178,181401
185609,174831
185272,174786
185275,181435
185276,174793
185818,174782
185819,174783
185280,174854
185281,174773
185282,174795
185551,174777
182761,172861
184437,172999
185010,173012
185637,173027
185006,173028
185093,173008
185681,173100
183192,173196
184266,175830
183652,180915
183172,173186
185482,173143
185104,173185
185106,173146
185519,180983
185114,173246
182967,173284
184110,173265
182569,173295
185646,173310
184242,181709
184379,173467
185125,173402
184391,173466
183416,173446
184097,173447
185770,173474
182721,181710
183253,173413
183236,173470
185771,172883
184444,172887
184724,172899
183126,172917
184919,172918
185613,172957
185139,172979
185483,173500
184281,173504
185640,173540
184394,173535
183197,173503
184503,174193
184778,174238
185806,174283
185805,174284
185671,181919
185033,181928
183484,174328
183200,174420
183201,174419
183445,174411
183068,174408
185809,174440
184168,181503
185184,173564
185185,173583
185171,173559
185168,173558
185174,173600
185175,173568
185173,173569
184433,175840
185165,173565
184507,173586
185180,173601
183446,173626
185039,180660
185194,173702
182871,173829
185569,173721
183633,173826
183204,173750
182728,173789
185674,180617
183205,173850
183069,181152
184118,173926
183573,173913
185499,173896
182573,180687
183419,174010
182997,181684
185204,174018
183213,173999
183210,173994
183211,173993
183208,174000
183212,173996
183216,174001
183215,174003
182796,174011
183214,174006
185207,174040
183206,173998
183207,173997
183209,174005
183866,174047
183966,181613
183609,181646
184456,181662
183674,181702
184457,181705
184983,181706
184877,181696
184726,181704
184076,181707
183779,181703
183952,181681
184982,181695
182861,181677
182987,181683
182558,181642
185489,175875
184521,175563
185894,175521
182977,175915
184306,175908
184136,175879
183586,175991
183732,176003
182828,176298
185308,176082
185303,181585
184416,176147
184250,176101
185537,176173
185432,176178
184317,176199
185611,176211
185317,176195
185318,176192
183495,176213
183924,176180
183185,176188
184316,176203
183028,176221
185077,176300
184036,176275
185334,176317
185080,181117
185004,176330
185335,176326
184486,175635
185337,175606
183942,175605
185710,180756
182927,175617
184854,180771
182835,175694
185344,175700
184790,175681
183187,175679
185345,175703
182981,180753
184489,175691
185341,175687
184490,175684
184488,175704
185343,175695
183227,175649
183792,180767
184417,176354
183497,176371
182928,175770
184043,175750
184584,175777
182929,175776
183121,175785
185346,175813
184329,175843
185698,175829
185347,175850
185470,175833
185471,175834
184236,175863
185825,176348
183458,176340
183310,176358
183459,176424
185506,180725
183880,181698
184801,176418
184418,176494
184336,180623