hny_id,job_number,hny_project_id,action
69751/938730,100089583,69751,add
45647/805961,104510218,45647,add
59827/966743,121184208,59827,add
67350/006361,121185519,67350,add
51918/002325,121185555,51918,add
51363/955906,121185760,51363,add
52287/927015,121187410,52287,add
58521/973747,121187456,58521,add
67685/990673,121188918,67685,add
64645/992703,121190424,64645,add
64645/992704,121190424,64645,add
44324/927213,121191968,44324,add
53518/013694,121192547,53518,add
61736/974125,121193458,61736,add
64027/988996,121204721,64027,add
64027/990498,121204721,64027,add
65131/000686,121237474,65131,add
51103/953384,121333342,51103,add
66264/986518,122225546,66264,add
69050/003582,122733961,69050,add
64636/976821,123062078,64636,add
69391/941699,201046974,69391,add
52467/921886,210048740,52467,add
64436/984304,210177627,64436,add
64436/984305,210177627,64436,add
64436/984306,210177627,64436,add
64406/989393,210178127,64406,add
65320/988893,210178396,65320,add
58479/989178,210178591,58479,add
58479/989177,210178608,58479,add
58479/989176,210178617,58479,add
67130/988878,210179705,67130,add
67295/101492,220151476,67295,add
52119/990448,220151626,52119,add
61186/979998,220152554,61186,add
61611/975413,220152625,61611,add
61611/995887,220152634,61611,add
61611/995888,220152643,61611,add
61357/976032,220152705,61357,add
50497/806842,220211205,50497,add
65107/952508,220232157,65107,add
44348/950310,220343420,44348,add
65102/969740,220404925,65102,add
52467/955101,220429926,52467,add
70237/990960,220475322,70237,add
67852/958754,220515360,67852,add
69349/993471,220524136,69349,add
69349/993468,220524145,69349,add
67300/104796,220532029,67300,add
62211/974229,220546648,62211,add
69731/044876,220562175,69731,add
68593/988645,220601007,68593,add
69373/991737,220672733,69373,add
69749/207151,310084574,69749,add
69745/302896,320058897,69745,add
52129/953919,320577862,52129,add
58508/976392,320592328,58508,add
67292/973786,320594683,67292,add
49938/947501,320595192,49938,add
49943/948192,320595209,49943,add
67311/303789,320595334,67311,add
61902/974040,320597083,61902,add
70240/974040,320597083,70240,add
58458/208382,320612547,58458,add
57864/966686,320622787,57864,add
67340/969468,320623312,67340,add
52722/958049,320623884,52722,add
68632/396140,320624963,68632,add
52790/955836,320626765,52790,add
68344/966691,320819673,68344,add
67844/977715,320908443,67844,add
67844/977716,320908452,67844,add
67423/984919,320910813,67423,add
61290/981208,320912367,61290,add
69068/978510,320913302,69068,add
69068/976702,320913311,69068,add
65774/979744,320916407,65774,add
68658/936381,320937581,68658,add
69736/991923,321072343,69736,add
68030/987191,321181993,68030,add
62203/973532,321184099,62203,add
66189/981950,321185828,66189,add
61842/976583,321186541,61842,add
53017/972195,321187942,53017,add
53680/985801,321188503,53680,add
66901/983835,321188996,66901,add
66901/983834,321189003,66901,add
64252/984242,321191198,64252,add
44332/973750,321192348,44332,add
44332/973751,321192348,44332,add
63345/979242,321193301,63345,add
63289/976532,321193793,63289,add
69984/289758,321195256,69984,add
69984/289755,321195265,69984,add
69396/306102,321195461,69396,add
44340/969960,321195700,44340,add
44340/969942,321195719,44340,add
44340/969938,321195791,44340,add
70245/995595,321195844,70245,add
44295/965150,321197316,44295,add
68658/976603,321200730,68658,add
68030/216229,321242017,68030,add
68601/982718,321304959,68601,add
68601/982717,321304968,68601,add
67845/976698,321312520,67845,add
67845/976699,321312539,67845,add
69347/344056,321362903,69347,add
69388/991662,321364661,69388,add
58780/993573,321384177,58780,add
67829/990653,321385498,67829,add
68158/991141,321387076,68158,add
64383/185836,321387450,64383,add
68619/990883,321407535,68619,add
68600/989185,321422288,68600,add
69987/994362,321477237,69987,add
68052/986298,321501335,68052,add
70274/993745,321519996,70274,add
69398/988963,321533792,69398,add
68365/979565,321651164,68365,add
69710/323561,321671598,69710,add
68625/985839,321695867,68625,add
69979/993951,321720330,69979,add
69954/994574,321735967,69954,add
69733/318921,321783735,69733,add
69964/991378,321826280,69964,add
69706/992363,321832594,69706,add
68229/989862,321915718,68229,add
68054/969148,410006979,68054,add
67868/667071,420606302,67868,add
53461/967338,420653377,53461,add
52774/974242,420654508,52774,add
58621/972781,420657113,58621,add
64885/983133,420663589,64885,add
63777/985431,420663847,63777,add
63778/975355,420664203,63778,add
67129/986549,420664347,67129,add
63777/985432,420664720,63777,add
67287/986252,420664739,67287,add
66970/993728,420665346,66970,add
65503/991157,420665667,65503,add
64232/988401,420666210,64232,add
65111/703413,420804080,65111,add
69953/413535,421073803,69953,add
67317/438760,421092105,67317,add
70018/699653,421226024,70018,add
68211/989031,421380268,68211,add
69757/993213,421588017,69757,add
58505/967483,520132963,58505,add
58505/962555,520132972,58505,add
60740/977177,520138379,60740,add
57772/967356,520138468,57772,add
57772/967357,520138468,57772,add
69734/987252,520218032,69734,add
69734/987251,520240579,69734,add
69734/987250,520240588,69734,add
67583/998619,B00495212,67583,add
51868/977499,121191432,51868,add
70539/869382,121205659,70539,add
68892/805885,121206417,68892,add
69620/989596,210178127,69620,add
58479/996068,210178635,58479,add
68172/988798,210179215,68172,add
70536/074500,210179616,70536,add
50104/927022,220344143,50104,add
70237/997633,220475322,70237,add
72243/100318,220635445,72243,add
71878/100148,240286837,71878,add
70273/998002,301677460,70273,add
66212/996261,320244400,66212,add
53383/957028,320627103,53383,add
72262/100129,320909040,72262,add
71899/295521,320910813,71899,add
70242/302716,320911199,70242,add
69718/216092,320917754,69718,add
68592/216111,320961679,68592,add
70839/380326,321093598,70839,add
70839/308660,321093598,70839,add
67850/889657,321188656,67850,add
69396/995343,321195461,69396,add
65499/996955,321231412,65499,add
68064/809836,321383533,68064,add
66858/986253,321383702,66858,add
72234/100318,321385103,72234,add
63026/974198,321385862,63026,add
65304/989116,321386059,65304,add
70870/144438,321460557,70870,add
69052/336314,321536398,69052,add
70794/999034,321589893,70794,add
44223/969695,321590453,44223,add
44223/975702,321590480,44223,add
65306/993171,321594280,65306,add
70628/997184,321600139,70628,add
69705/396887,321673088,69705,add
70506/344338,321925020,70506,add
69940/995897,322047352,69940,add
70840/966785,420651912,70840,add
65983/983915,420663776,65983,add
72221/417008,420664524,72221,add
66970/991747,420665355,66970,add
69135/992417,420666283,69135,add
64886/996947,420667558,64886,add
70434/996604,421133972,70434,add
71108/426282,421247341,71108,add
70523/984002,421330955,70523,add
69331/993634,421550681,69331,add
71107/999045,421679142,71107,add
71854/131884,3200909433,71854,add
44223/977564,B00346807,44223,add
68108/989113,B00635600,68108,add
65503/991158,Q00608144,65503,add
70744/997721,X00122977,70744,add
67286/986841,420663589,67286,add
64885/983133,420663712,64885,add
67286/989998,420663570,67286,add
70082/1000221,420667488,70082,add
70082/1000222,420667497,70082,add
67286/986841,420663570,67286,remove
65120/940294,410036483,65120,add
44371/948016,320375223,44371,add
50473/952671,220329366,50473,add
51104/956094,121323941,51104,add
50282/983486,220210581,50282,add
50088/949394,220211964,50088,add
49908/955006,121332897,49908,add
49172/948177,220354952,49172,add
48906/948178,320595058,48906,add
49945/980768,320590829,49945,add
71683/999300,321983742,71683,add
52075/953668,120103976,52075,add
65068/948048,320375189,65068,add
71118/117058,220697878,71118,add
71151/113903,210179153,71151,add
44265/957389,320190388,44265,add
71170/995443,321195924,71170,add
44265/957382,320190333,44265,add
44265/957381,320190324,44265,add
65100/950549,320286212,70525,add
70525/989703,321276542,70525,add
55437/966924,320626710,55437,add
50871/950133,320877627,50871,add
50200/948174,220151270,50200,add
70519/296047,321486860,70519,add
70517/999682,420663473,70517,add
70268/989746,321818333,70268,add
70266/994198,121235136,70266,add
70236/299127,321772603,72288,add
69998/205464,320458768,69998,add
69992/979902,321189619,69992,add
67858/965995,320514136,67858,add
69983/308714,321183376,69983,add
69981/982013,321297075,69981,add
69975/996170,321735440,69975,add
67848/983949,220562905,67848,add
67857/952357,420370217,67857,add
69971/980700,321519807,69971,add
67843/977961,321958333,67843,add
69965/972014,321197897,69965,add
69753/302834,321192142,69753,add
69750/289750,321798523,69750,add
69747/937965,321393336,69747,add
67838/060671,220559508,67838,add
67837/983311,321514152,67837,add
67836/984916,320627540,67836,add
67835/966850,320594317,67835,add
67834/210779,320913918,67834,add
67751/966856,321083224,67751,add
67748/396354,321262879,67748,add
67747/986777,321506919,67747,add
67745/972199,321009216,67745,add
67743/340504,321146826,67743,add
69744/993271,220636532,69744,add
69741/989369,220712156,69741,add
69742/988546,220626482,69742,add
69737/993721,321440605,69737,add
69735/210967,320917601,69735,add
69731/996030,220562184,69731,add
69729/981254,321288735,69729,add
69727/975725,320623893,69727,add
67741/952330,320438415,67741,add
67738/986856,320625668,67738,add
67736/968130,320965041,67736,add
67735/966853,321086873,67735,add
67734/956113,320374171,67734,add
67733/966857,121329099,67733,add
63769/976030,321193944,63769,add
69728/295701,321178319,69728,add
69724/995048,321367971,69724,add
69719/991384,321751902,69719,add
69968/290747,321210202,69968,add
69396/993483,321195470,69396,add
68080/992352,210178092,68080,add
69393/349495,321206618,69393,add
68210/989008,210179518,68210,add
69390/703836,421304680,69690,add
69419/193529,321021504,69419,add
61799/975338,220152750,61799,add
67303/209116,321192204,67303,add
63367/982777,123193212,63367,add
63880/984611,220616288,63880,add
67304/550159,420972754,67304,add
67305/966625,321042233,67305,add
63036/983224,321193025,63036,add
67309/703839,420962925,67309,add
67318/977988,320593336,67318,add
67342/970721,321171334,67342,add
66268/976874,321128999,66268,add
67007/974368,321020514,67007,add
67012/966038,301738136,67012,add
67353/966936,121776391,67353,add
54360/979263,321195504,54360,add
69384/374023,321575050,69384,add
69383/243352,321061122,69383,add
63968/989032,121189579,63968,add
69365/290740,321640989,69365,add
69089/039938,122378701,69089,add
69088/342114,320914677,69088,add
69086/875065,121153651,69086,add
62962/975399,220152616,62962,add
65573/978595,321087131,65573,add
59417/969001,321276454,59417,add
63775/957258,420662410,63775,add
61740/996806,220152518,61740,add
64510/976568,321197389,64510,add
65246/969912,320909479,65246,add
66056/039674,120945898,66056,add
54954/967023,121191557,54954,add
63760/977463,121187795,63760,add
44431/965100,220152572,44431,add
44332/100527,321192348,44332,add
69087/980783,321293667,69087,add
64829/989273,210178494,64829,add
69074/159823,321189147,69074,add
69073/972679,421302664,69073,add
69072/985437,321388182,69072,add
69069/956540,320391535,69069,add
69066/992017,421178610,69066,add
69064/986936,302312539,69064,add
67522/934463,210178485,67522,add
69058/309188,321633103,69058,add
60779/974205,321195096,60779,add
63368/094395,220151831,63368,add
61021/018219,122895965,61021,add
65105/956633,420933930,65105,add
65098/970398,420604983,65098,add
53017/972074,321187461,53017,add
53017/972081,321187540,53017,add
53017/972169,321187988,53017,add
53017/972170,321185622,53017,add
53017/972172,321183063,53017,add
53017/972177,321183107,53017,add
53017/972179,321183125,53017,add
53017/972180,321183134,53017,add
53017/972184,321187407,53017,add
53017/972197,321187951,53017,add
53017/972198,321187817,53017,add
53017/972207,321187899,53017,add
53017/972209,321187906,53017,add
53017/972210,321187960,53017,add
53017/972351,321183009,53017,add
53017/972352,321197977,53017,add
52115/953916,320613494,52115,add
65088/958013,320449341,65088,add
65118/957979,121333333,65118,add
61376/012090,121192342,61376,add
65089/967660,220323102,65089,add
65081/948645,220289346,65081,add
69047/697198,421409194,69047,add
65093/952387,220331200,65093,add
58504/094281,220151582,58504,add
50875/950146,121235822,50875,add
54292/967326,320597430,54292,add
68602/220772,321780792,68602,add
65212/985707,321195586,65212,add
65096/949313,402375069,65096,add
65092/965502,121543133,65092,add
53580/976828,220151760,53580,add
52415/965693,220211232,52415,add
52597/955365,220451945,52597,add
52127/953909,420651379,52127,add
46143/976480,220282628,46143,add
57503/966338,320622616,57503,add
52223/954207,220151323,52223,add
54982/966340,121192574,54982,add
52053/927213,121185626,52053,add
68014/974321,320595600,68014,add
68018/976524,321107645,68018,add
68019/331263,321281910,68019,add
68020/977060,321107654,68020,add
68032/969856,321106655,68032,add
68087/371705,320860975,68087,add
66931/986562,321658924,66931,add
67287/999557,420664739,67287,add
69387/331378,321272127,69387,add
49713/950357,210180070,49713,add
62299/485350,420664310,62299,add
69046/986581,321388949,69046,add
68049/966560,320595316,68049,add
68051/987147,421025303,68051,add
68062/980881,321018965,68062,add
68605/303718,321585085,68605,add
68607/387822,321064389,68607,add
68634/979514,220405112,68634,add
68649/979390,220536846,68649,add
69083/989790,122141351,69083,add
69067/992046,421178941,69067,add
69045/327086,321321583,69045,add
67154/989040,210179000,67154,add
52788/955833,320627292,52788,add
49774/948170,121328116,49774,add
67981/100375,121205926,67981,add
68458/994674,321594226,68458,add
66904/999393,321384337,66904,add
70532/991583,421251594,70532,add
70738/100219,321827163,70738,add
70891/100019,Q00540608,70891,add
72466/026903,123777305,72466,add
72625/224414,321363877,72625,add
64828/989272,321595083,64828,add
71751/100012,Q00627197,71751,add
72143/100209,B00600959,72143,add
67200/100497,321590060,67200,add
71573/100493,321600380,71573,add
71573/100493,321583238,71573,add
72180/100240,M00599489,72180,add
72182/100239,M00599495,72182,add
69760/994662,210181060,69760,add
70072/995279,421133026,70072,add
70072/995280,421133035,70072,add
63776/991993,321597606,63776,add
71819/1000421,B00621076,71819,add
71247/998761,M00537657,71247,add
71822/100417,M00574359,71822,add
71927/100423,Q00649207,71927,add
72615/100289,321362976,72615,add
72614/115054,220672715,72614,add
72151/996166,321592344,72151,add
72509/230942,321964317,72509,add
72612/049478,220682875,72612,add
72498/100364,220714494,72498,add
72487/638713,420663213,72487,add
71245/100330,B00561184,71245,add
72501/389694,321598142,72501,add
72610/301639,321589884,72610,add
72470/973338,320909674,72470,add
61765/975339,220152607,61765,add
66619/981538,421532755,66619,add
72508/049154,210179331,72508,add
72496/343532,321969991,72496,add
72457/991672,421724487,72457,add
72468/295509,321592610,72468,add
72489/100331,220720655,72489,add
65554/100315,321599212,65554,add
69567/100317,210181337,69567,add
72505/991354,421527645,72505,add
72464/351153,321833575,72464,add
72188/140529,321385639,72188,add
72461/325689,321835430,72461,add
72189/357764,321666229,72189,add
70138/995712,321592718,70138,add
67201/529131,420665587,67201,add
67201/989029,420665621,67201,add
72194/100251,321904631,72194,add
72199/976859,320373822,72199,add
72200/424673,421958698,72200,add
72201/010014,121187704,72201,add
68962/100173,420667335,68962,add
72299/324006,320911554,72299,add
72205/376881,321597928,72205,add
70082/100022,420667488,70082,add
71891/999509,210179082,71891,add
71892/998343,220643196,71892,add
64689/994121,121205935,64689,add
71890/346162,321924557,71890,add
66601/100136,121209502,66601,add
70044/995363,321592308,70044,add
71276/999513,510115670,71276,add
71888/066162,210178993,71888,add
71864/122109,220728096,71864,add
70126/995899,321592576,70126,add
71860/100096,210179144,71860,add
72225/100485,210179493,72225,add
72227/441530,421667011,72227,add
72228/424470,421922478,72228,add
71858/268906,320623624,71858,add
71855/982177,321147674,71855,add
72300/234710,321555367,72300,add
72232/988780,321193855,72232,add
72622/100440,321594422,72622,add
72472/062474,220723750,72472,add
71872/982514,321082788,71872,add
72235/669812,420337709,72235,add
72237/102882,220688539,72237,add
72239/325379,321593469,72239,add
72240/097374,220715313,72240,add
72241/988010,321191642,72241,add
72623/104791,220722822,72623,add
70801/100049,121209281,70801,add
72243/121275,220635436,72243,add
69521/996695,321592157,69521,add
68238/991166,121204874,68238,add
72246/027608,121208905,72246,add
69133/002273,121205640,69133,add
72249/205591,321550674,72249,add
71849/000482,121526474,71849,add
71877/291213,321729661,71877,add
72251/991339,220673670,72251,add
71848/950377,302056343,71848,add
72252/991563,320910118,72252,add
71847/991717,220614896,71847,add
71846/100028,321955041,71846,add
72253/347279,322012674,72253,add
72254/416480,421732959,72254,add
72255/673694,421897380,72255,add
71843/991424,220632091,71843,add
71843/100147,220632108,71843,add
71842/982303,321478664,71842,add
71871/418038,421027392,71871,add
71841/315857,321387575,71841,add
72256/988974,421570598,72256,add
71675/995131,321836046,71675,add
71679/079326,210178252,71679,add
71681/998937,322064939,71681,add
71684/999369,322039824,71684,add
71687/977424,321594967,71687,add
71688/998767,310105052,71688,add
71691/337148,321649695,71691,add
71692/329147,321499464,71692,add
71500/067386,220579666,71500,add
65261/989929,210178902,65261,add
71486/683892,421205537,71486,add
72257/988938,220617198,72257,add
72257/988939,220617205,72257,add
71458/053686,240276107,71458,add
72259/100319,421797327,72259,add
72259/100319,421797372,72259,add
72259/100319,421797318,72259,add
72263/019881,121204605,72263,add
71465/692352,421950124,71465,add
71465/998986,421890902,71465,add
71465/998990,421950035,71465,add
71465/998992,421950311,71465,add
71465/998993,421950302,71465,add
72477/100411,321194783,72477,add
70089/994429,321590328,70089,add
71466/100192,421366827,71466,add
72267/627634,421934483,72267,add
71476/958554,220551016,71476,add
71477/999827,321593432,71477,add
72268/053113,220656261,72268,add
71480/999830,321386567,71480,add
71482/993206,321849489,71482,add
44223/927737,321590765,44223,add
65315/926974,321386442,65315,add
65315/927551,321386433,65315,add
65315/927552,321386497,65315,add
65315/927563,321386647,65315,add
65315/978709,321387405,65315,add
65315/978711,321386479,65315,add
69428/993786,420666862,69428,add
69862/999031,210181373,69862,add
70724/998854,321592709,70724,add
70729/998885,210182443,70729,add
71109/995859,220672859,71109,add
71112/996950,220676007,71112,add
71116/995199,220579648,71116,add
71128/997424,320597449,71128,add
71129/996047,321764131,71129,add
71131/123619,220550696,71131,add
71132/081853,220689921,71132,add
71133/100195,321830088,71133,add
71135/995341,220579657,71135,add
71136/996398,321539778,71136,add
71138/996696,220606137,71138,add
71139/996951,321190439,71139,add
71141/970692,321052828,71141,add
71147/997651,321193169,71147,add
71150/064772,210178671,71150,add
71152/995093,321242204,71152,add
71155/997279,321821524,71155,add
71157/972093,421224865,71157,add
71158/297498,321169579,71158,add
71165/995336,321372082,71165,add
71171/994447,220606146,71171,add
64217/059324,220665340,64217,add
64217/094463,220676757,64217,add
69931/995172,321387913,69931,add
70668/997379,421133865,70668,add
71127/991377,321782932,71127,add
70470/999024,220704753,70470,add
70658/997507,M00499952,70658,add
71122/999048,321386950,71122,add
71123/981841,321262897,71123,add
62193/975454,321184446,62193,add
70293/996451,210182096,70293,add
70384/996450,421861845,70384,add
70444/996660,220538611,70444,add
70800/998864,220706369,70800,add
71117/982249,421186362,71117,add
72270/100318,420665541,72270,add
68572/992115,321597009,68572,add
70633/997194,240293339,70633,add
70796/998851,240285865,70796,add
72272/100240,320910323,72272,add
71111/991477,220635034,71111,add
71113/992041,220562219,71113,add
72273/991691,420665177,72273,add
72481/999692,220672733,72481,add
72275/997138,321910394,72275,add
72276/291195,321191679,72276,add
71104/298297,320912394,71104,add
69116/995212,321387478,69116,add
67125/987934,321385023,67125,add
70871/998360,220723732,70871,add
70869/982272,321416080,70869,add
70869/998359,321416071,70869,add
72277/100318,320911572,72277,add
68142/991164,321195318,68142,add
70868/056536,220688511,70868,add
70864/062839,220152251,70864,add
70865/692150,421923244,70865,add
70860/387292,321195274,70860,add
67268/986508,321383169,67268,add
70857/988545,220629951,70857,add
70854/100376,321094640,70854,add
70858/697573,420658559,70858,add
70853/992725,321849470,70853,add
70836/055095,220689529,70836,add
66751/996389,210179992,66751,add
70534/996890,220485838,70534,add
69230/994593,121207292,69230,add
70533/988169,421569467,70533,add
66879/989183,210178261,66879,add
68125/996758,210180187,68125,add
68125/996771,210178886,68125,add
68132/996730,210179732,68132,add
68160/996485,210179803,68160,add
68741/996280,210179974,68741,add
68741/996281,210179965,68741,add
70526/996888,321386585,70526,add
70526/100189,321594379,70526,add
68409/996618,321596796,68409,add
70520/984293,220290824,70520,add
70566/406879,421578251,70566,add
70569/396858,321189548,70569,add
70516/991945,321499936,70516,add
72280/204960,321533373,72280,add
70515/417083,420967421,70515,add
70511/990386,420653000,70511,add
70509/996885,320912884,70509,add
70540/311547,321589713,70540,add
68859/991649,121206140,68859,add
72281/100274,320910797,72281,add
70567/666040,420659530,70567,add
58479/989179,210178582,58479,add
58479/989181,210178573,58479,add
58479/989182,210178564,58479,add
58479/996069,210178626,58479,add
58479/996070,210178555,58479,add
58479/996071,210178546,58479,add
66807/991742,321595350,66807,add
66807/996128,321595341,66807,add
70269/297501,321129792,70269,add
70271/683888,420839150,70271,add
72282/100245,321692673,72282,add
70250/471425,421032698,70250,add
70244/302249,321250604,70244,add
68111/991146,220673162,68111,add
70238/948192,320627327,70238,add
72485/348901,321593511,72485,add
72285/230311,321968126,72285,add
63933/992262,321387619,63933,add
72288/345797,320400133,72288,add
72289/989479,321185409,72289,add
72290/993819,321369773,72290,add
72291/988034,220630066,72291,add
70017/991282,321383560,70017,add
69994/205594,321617087,69994,add
69993/117777,220515379,69993,add
69990/989546,220669024,69990,add
69985/351658,321139889,69985,add
69980/351587,321384168,69980,add
69978/019044,122750157,69978,add
69977/988317,320912642,69977,add
69973/989622,220540056,69973,add
69972/989495,220599564,69972,add
69969/972826,320625604,69969,add
69970/991239,220594257,69970,add
69967/991986,321191553,69967,add
68921/992012,420666032,68921,add
69754/989484,321699989,69754,add
69720/979808,220390654,69720,add
69717/067293,220634455,69717,add
66720/985837,420663437,66720,add
58780/990171,321384177,58780,add
64232/982787,421562286,64232,add
67367/992168,420666005,67367,add
68157/988654,321387147,68157,add
48996/972406,121204963,48996,add
65306/100327,321594217,65306,add
65306/100522,B00560232,65306,add
69184/992863,321595092,69184,add
65582/993492,210178751,65582,add
69389/991288,321847748,69389,add
68079/991704,123399107,68079,add
69385/340553,321257171,69385,add
69382/382976,320283386,69382,add
69076/321213,320595799,69076,add
69070/979980,321367196,69070,add
69062/381818,321450988,69062,add
67523/989049,210178911,67523,add
63777/990467,420663838,63777,add
61678/981992,210177841,61678,add
54577/971035,321385880,54577,add
68603/972819,320988464,68603,add
68594/033025,123492292,68594,add
66653/985501,121187982,66653,add
66342/987866,321383579,66342,add
66571/981262,421625245,66571,add
68058/980601,321499455,68058,add
61608/985808,321725282,61608,add
63931/978673,421576299,63931,add
66752/982562,321042527,66752,add
67872/853744,220555851,67872,add
67842/062210,220151573,67842,add
67742/982041,321239628,67742,add
51867/927152,121187660,51867,add
61612/975696,321189735,61612,add
63172/974500,321191214,63172,add
64793/977056,421556710,64793,add
58555/820177,321190108,58555,add
58555/927153,320909852,58555,add
58555/927610,320909861,58555,add
63899/992275,320984208,63899,add
65649/982106,321193427,65649,add
67296/051658,220349193,67296,add
61575/972764,321195979,61575,add
65825/979013,321603608,65825,add
61571/972757,121189711,61571,add
59429/980847,121190111,59429,add
62211/974228,220546620,62211,add
70805/100285,321359766,70805,add
46061/951444,120053707,46061,add
46063/933500,104856942,46063,add
45078/933500,104856942,45078,add
28440/875060,104408071,28440,add
30448/880484,104132760,30448,add
23615/853943,104115510,23615,add
73730/042644,140990890,73730,add
69730/248187,321183349,69730,add
10294/319178,301545291,10294,add
73745/976489,320914338,73745,add
33680/906562,104908165,33680,add
7989/873649,103991110,7989,add
10316/831087,110214517,10316,add
10328/866061,103340644,10328,add
23909/854567,104153719,23909,add
73203/100602,321123495,73203,add
49272/944498,121325501,49272,add
29480/914056,104767682,29480,add
29660/895812,104402709,29660,add
55498/870433,103632810,55498,add
30473/876325,104318908,30473,add
34098/967726,104619646,34098,add
7888/856201,103847599,7888,add
33792/887965,104626031,33792,add
19688/829524,120325594,19688,add
44894/944260,104626031,44894,add
10357/037916,103542007,10357,add
13086/010888,103203329,13086,add
49270/947270,121330130,49270,add
25114/862355,104333892,25114,add
27126/870996,104265769,27126,add
27756/883782,104331153,27756,add
55421/866061,103340644,55421,add
13124/028371,102977496,13124,add
32109/928419,104935171,32109,add
12922/010567,103293348,12922,add
23232/834569,102918023,23232,add
72815/1006800,320914310,72815,add
58852/968043,321191410,58852,add
53192/972982,320627121,53192,add
64297/978835,321504555,64297,add
72944/340962,321588705,72944,add
72458/982158,321973316,72458,add
70725/100442,321600736,70725,add
71465/998988,421950142,71465,add
73197/667065,401536325,73197,add
73201/100859,421642280,73201,add
69348/655439,420648295,69348,add
72500/987953,421455623,72500,add
73695/423434,421264429,73695,add
71703/100458,240278828,71703,add
52610/950310,220343420,52610,add
68766/1004347,210181364,68766,add
73729/120148,210179260,73729,add
39631/239944,301519364,39631,add
19618/213617,301535435,19618,add
68808/032654,121204268,68808,add
68747/991167,121205524,68747,add
55398/854774,301358386,55398,add
44226/927950,320175831,44226,add
23256/821026,301517909,23256,add
33808/887979,302198798,33808,add
44468/930606,310168396,44468,add
23245/837064,301254602,23245,add
12978/822102,401243846,12978,add
29670/878727,420653457,29670,add
55470/933109,402610206,55470,add
55489/933109,402610206,55489,add
23330/853002,301379167,23330,add
49338/944796,220610462,49338,add
13132/064046,200812077,13132,add
13132/064047,200812077,13132,add
29854/902835,201115033,29854,add
13132/064149,200812077,13132,add
38829/898853,210048740,38829,add
23810/864860,220155686,23810,add
26622/874503,200920682,26622,add
13083/103559,200613531,13083,add
13091/089085,200767777,13091,add
7729/820286,200920682,7729,add
50156/944796,220210368,50156,add
13083/103560,200613531,13083,add
13132/095604,200812077,13132,add
55415/880929,200899368,55415,add
23193/842232,200784945,23193,add
23239/847877,200809571,23239,add
7757/844408,200877033,7757,add
25725/880929,200899368,25725,add
13132/095608,200812077,13132,add
7737/844448,200920879,7737,add
26620/871732,200845586,26620,add
13132/064049,200812077,13132,add
7729/887949,200920682,7729,add
23248/871553,200845595,23248,add
13132/095607,200812077,13132,add
32508/886269,201131818,32508,add
36612/934917,210050362,36612,add
32508/911974,201131809,32508,add
19707/045491,X00675174,19707,add
13132/064153,200812077,13132,add
30448/908407,103479022,30448,add
48910/946091,220042246,48910,add
10337/804713,104153719,10337,add
31848/884830,103199245,31848,add
55478/873649,103991110,55478,add
23595/932127,201066489,23595,add
13091/865028,200767777,13091,add
13132/095605,200812077,13132,add
33568/887693,104766479,33568,add
13091/089089,201066657,13091,add
38868/934917,210050362,38868,add
23185/858514,200816037,23185,add
25537/864985,104256804,25537,add
30801/882537,104844581,30801,add
68426/989997,210180196,68246,add
12963/863703,102439489,12963,add
25114/883980,104166901,25114,add
45781/935972,121181746,45781,add
29199/907657,104571839,29199,add
10296/037820,103251776,10296,add
28783/902699,104582079,28783,add
25114/862361,104166901,25114,add
12943/010609,103293357,12943,add
12942/847400,103293357,12942,add
12924/867735,103293348,12924,add
27804/890509,104450942,27804,add
23184/846787,102953911,23184,add
24933/945355,122440796,24933,add
13086/867921,103203329,13086,add
23243/003310,103193456,23243,add
43129/940244,110198955,43129,add
23182/825972,121237081,23182,add
15544/822641,120675206,15544,add
23218/932427,104229210,23218,add
55593/004501,110099722,55593,add
10326/003965,110416210,10326,add
23280/853388,104372741,23280,add
70488/996855,110049313,70488,add
70260/305043,321627842,70260,add
73281/100494,420655794,73281,add
73240/399231,421133320,73240,add
73205/100574,321813640,73205,add
44225/927748,220124381,44225,add
59740/969539,220463558,59740,add
73741/100805,B00726583,73741,add
69369/210837,320971114,69369,add
64415/991864,321597287,64415,add
63732/975616,320717140,63732,add
70263/530526,421263288,70263,add
73247/129636,340752769,73247,add
52723/955765,320626934,52723,add
69221/992730,321597795,69221,add
71106/982686,421067277,71106,add
52723/955764,320626943,52723,add
73736/100879,240284553,73736,add
45303/949086,320592738,45303,add
71844/990046,220603746,71844,add
71881/259012,340757862,71881,add
69956/994426,321500247,69956,add
64415/991872,321597349,64415,add
53017/972194,321187933,53017,add
71084/309172,321386889,71084,add
68781/992093,420664249,68781,add
69075/983861,321430475,69075,add
67325/327731,302321912,67325,add
53017/972119,321196059,53017,add
44319/955279,320262746,44319,add
58623/976713,220465841,58623,add
53017/972178,321183116,53017,add
65071/122172,220357423,65071,add
68297/991160,220696860,68297,add
58480/973555,220151895,58480,add
53017/972211,321187979,53017,add
66909/997246,210179830,66909,add
69743/326460,321613483,69743,add
53017/972191,321187880,53017,add
64415/991873,321597358,64415,add
71077/998702,320909987,71077,add
53017/972190,321187808,53017,add
71078/998706,220696717,71078,add
71121/329180,321725022,71121,add
68378/397419,321484390,68378,add
68345/956632,310118244,68345,add
73226/100556,321721320,73226,add
73242/979527,220515592,73242,add
71473/242265,321588965,71473,add
70507/991687,421698675,70507,add
73311/100712,220716937,73311,add
64736/979673,220620576,64736,add
69092/994314,321542666,69092,add
68631/978753,321170326,68631,add
71488/991379,220596969,71488,add
69361/993771,321596527,69631,add
73772/989499,220623617,73772,add
73215/100704,220691393,73215,add
68026/987253,321504779,68026,add
69704/989174,321438832,69704,add
53017/972117,321196022,53017,add
69051/966927,320593247,69051,add
73719/129340,321598838,73719,add
51299/928126,320595281,51299,add
70806/998916,321588983,70806,add
72483/100290,220633688,72483,add
68062/981237,321018956,68062,add
64415/991884,321597465,64415,add
59495/969140,220152082,59495,add
58936/995014,220152849,58936,add
73764/984408,220416583,73764,add
68025/332217,321504751,68025,add
63209/986657,420663703,63209,add
73216/100703,421253011,73216,add
55249/972215,220151975,55249,add
68630/988276,321618530,68630,add
53017/972200,321187826,53017,add
53680/985794,321188120,53680,add
68362/983741,321177052,68362,add 
68462/100480,420667148,68462,add 
65141/968921,321120559,65141,add 
69948/982467,220446211,69948,add 
68421/990968,420665845,68421,add 
69048/989286,321197520,69048,add 
68067/897241,302334739,68067,add 
69703/379501,320910724,69703,add 
68358/886174,321528165,68358,add 
68353/970914,320624598,68353,add 
53680/985166,321188237,53680,add 
73275/100608,320911876,73275,add 
71863/067109,210179796,71863,add 
70731/100147,321595145,70731,add 
72195/100229,220656243,72195,add 
65129/302814,320822598,65129,add 
69995/218528,321516294,69995,add 
73705/991560,321802787,73705,add 
64415/991889,321597508,64415,add 
54360/979268,321195498,54360,add 
58555/927614,320909905,58555,add 
68354/869823,220605101,68354,add 
60212/971000,320909727,60212,add 
73237/397565,321383837,73237,add 
44281/981458,320576159,44281,add 
71125/991419,421410397,71125,add 
67009/976966,321078953,67009,add 
53017/972146,321183018,53017,add 
65124/956113,320374171,65124,add 
69097/989948,220588898,69097,add 
68638/990456,421247519,68638,add 
73210/100702,321193784,73210,add 
70521/995591,320912982,70521,add 
65298/985028,210178001,65298,add 
70000/984642,421461251,70000,add 
73215/991506,220691400,73215,add 
68380/981968,321435620,68380,add 
61290/342273,320912367,61290,add 
63151/988458,210178500,63151,add 
73773/064983,220731607,73773,add 
67314/979971,220493204,67314,add 
68609/971364,320908791,68609,add 
52272/927008,320595003,52272,add 
64415/991880,321597429,64415,add 
52783/987083,220151680,52783,add 
51778/955507,220395515,51778,add 
53017/972125,321187719,53017,add 
49722/948724,320576792,49722,add 
54360/979267,321195568,54360,add 
71089/100066,321186747,71089,add 
73692/057860,210180436,73692,add 
73759/092017,220151948,73759,add 
70855/995941,220542241,70855,add 
65104/969569,420145195,65104,add 
64415/991870,321597330,64415,add 
63778/990650,420664203,63778,add 
70501/996509,321930014,70501,add 
53680/985157,321188200,53680,add 
54360/979278,321195620,54360,add 
44285/927624,320913829,44285,add 
70392/996448,421133419,70392,add 
64415/991874,321597367,64415,add 
65091/948586,220285938,65091,add 
67201/989021,420665630,67201,add 
44281/981192,320576827,44281,add 
73742/100659,X00502411,73742,add 
66766/984244,320910822,66766,add 
70508/995569,220620601,70508,add
52979/966154,220152180,52979,add
61931/981672,420662802,61931,add 
67340/987604,320623312,67340,add 
73697/089750,220607467,73697,add 
69723/318365,321514161,69723,add 
53017/972187,321187773,53017,add 
68342/974874,320626480,68342,add 
69950/060379,220482779,69950,add
73204/071269,220628532,73204,add 
54360/979259,321195540,54360,add 
65315/927550,321386503,65315,add
71445/100621,B00594970,71445,add 
73283/663635,420666087,73283,add
54360/979262,321195577,54360,add 
68346/956630,310118253,68346,add
72284/988766,220602916,72284,add 
69752/990327,321533809,69752,add
69082/988959,321407278,69082,add 
70606/997168,520239144,70606,add
73185/989571,321836064,73185,add 
60012/970105,220517689,60012,add 
71465/998991,421950026,71465,add 
44281/981459,320576168,44281,add
53680/985152,321188111,53680,add
71474/999828,321385078,71474,add 
73693/433760,421698620,73693,add 
73318/127854,321385844,73318,add 
53180/977640,220151662,53180,add
71087/997560,320909978,71087,add 
73202/100704,220678728,73202,add 
73272/354724,321385014,73272,add 
72259/100318,421797381,72259,add
44340/969961,321195899,44340,add 
73222/976405,321040565,73222,add 
64415/991863,321597278,64415,add
64415/991877,321597394,64415,add 
65137/966458,320374126,65137,add
44340/965970,321185560,44340,add
63886/998370,321593673,63886,add 
70261/995582,520225774,70261,add
73728/100757,321387101,73728,add
73194/100700,321204148,73194,add 
53017/972128,321187657,53017,add 
68376/988126,321191152,68376,add 
69716/982141,320597127,69716,add
58756/968816,321090788,58756,add
44285/927982,320913838,44285,add 
53017/972176,321183090,53017,add 
53017/972090,321187648,53017,add
67322/982705,320350678,67322,add 
73753/123251,220715304,73753,add 
68352/978051,320540866,68352,add 
70265/995981,321194970,70265,add 
68618/351469,321445414,68618,add 
72226/100318,321593682,72226,add 
72504/987994,321189682,72504,add 
53017/972171,321183054,53017,add 
73234/939724,322062673,73234,add 
73698/100796,321594388,73698,add 
60963/988831,321188629,60963,add 
65080/956493,320374117,65080,add 
67005/998808,321596402,67005,add 
54360/979265,321195531,54360,add 
72486/663003,421232614,72486,add 
32159/991885,321597474,32159,add 
60031/976441,210179242,60031,add 
68368/985271,321613474,68368,add 
67294/868328,320627835,67294,add 
66422/973797,321055264,66422,add 
65110/374733,320710003,65110,add 
73788/100491,321599908,73788,add 
69756/992136,321383515,69756,add 
72200/100901,421958698,72200,add 
70853/325333,321849461,70853,add 
53017/972173,321183072,53017,add
71153/995942,220542232,71153,add 
68797/991233,220630137,68797,add 
71156/299406,321707033,71156,add 
68595/973841,421226319,68595,add
73706/100492,210178644,73706,add 
60249/971150,220516207,60249,add 
73675/067511,210178458,73675,add 
73708/100781,220635169,73708,add 
61655/363424,322108054,61655,add 
73264/055860,220708410,73264,add 
69397/991445,321826510,69397,add
65303/100119,421133339,65303,add 
72460/087065,220636523,72460,add 
54842/969555,220471503,54842,add 
67201/989028,420665532,67201,add
70004/992862,421049145,70004,add 
70732/997397,240296657,70732,add
69954/994575,321735976,69954,add
65103/092414,220446293,65103,add
70812/100231,240298968,70812,add
63014/975336,220152803,63014,add
67351/982109,321115226,67351,add 
65132/952454,320444024,65132,add 
61610/975569,220152670,61610,add 
73760/100241,210180533,73760,add 
69398/990327,321533809,69398,add
65213/977584,220152876,65213,add 
63774/997258,210179634,63774,add 
69398/988958,321533818,69398,add
72493/989545,220647496,72493,add 
72492/100251,321366669,72492,add 
71145/997876,220555842,71145,add 
54520/975517,220152019,54520,add
73778/100853,220623608,73778,add 
73720/628838,421673406,73720,add
73723/985962,421576743,73723,add 
67691/989677,420659638,67691,add 
53017/972099,321187611,53017,add 
73319/100709,220672662,73319,add
53017/972129,321196031,53017,add 
68374/183698,321509391,68374,add 
53017/972083,321187522,53017,add
65315/996113,321386460,65315,add 
70518/995418,420960339,70518,add
71488/999825,220596950,71488,add 
44340/969937,321195782,44340,add
53017/972124,321187675,53017,add
67346/969456,320916611,67346,add 
66055/970001,320613813,66055,add
63877/997082,220613717,63877,add
53017/972353,321187425,53017,add 
44353/926997,220081186,44353,add 
53355/957005,320596397,53355,add 
58955/968078,220151902,58955,add 
63282/974942,320909772,63282,add 
73322/144990,301908032,73322,add
53017/972183,321183152,53017,add 
65113/966545,220357432,65113,add
73273/100631,321750164,73273,add 
61841/976015,220152661,61841,add 
72214/998405,320626471,72214,add 
64415/991867,321597134,64415,add 
53680/985806,321188157,53680,add 
70843/995371,321559817,70843,add
70813/998863,340751813,70813,add 
53017/972132,321185604,53017,add
73734/100783,321837189,73734,add 
70862/302707,321188576,70862,add
55263/966134,420813285,55263,add 
70115/100285,421133151,70115,add
71861/311334,321597884,71861,add 
58492/324141,321016333,58492,add
53017/972144,321183027,53017,add 
53017/972082,321187531,53017,add 
72213/507848,421583833,72213,add
68617/990335,220550099,68617,add
58491/968970,420652074,58491,add 
64415/991876,321597385,64415,add 
69713/994948,420664597,69713,add
73236/063408,220706779,73236,add
73702/386512,321589839,73702,add 
73714/992554,421057117,73714,add 
70513/973490,320916933,70513,add 
68366/986517,210020476,68366,add 
65099/966205,220396015,65099,add
53017/972088,321187498,53017,add 
64415/991883,321597456,64415,add
70138/983547,321592718,70138,add
69354/351329,321677128,69354,add 
73678/839351,210182513,73678,add 
68367/357480,321275687,68367,add
66928/100118,321590293,66928,add 
73246/079723,220672742,73246,add 
44319/955280,320266083,44319,add
45303/972798,320592523,45303,add
71808/1002856,B00501131,71808,add
73239/106852,220514799,73239,add
71851/999436,220550062,71851,add 
44225/955261,220111689,44225,add 
73676/100870,X00487269,73676,add 
73726/185555,321918421,73726,add 
69254/992933,420666176,69254,add 
66099/991163,421482489,66099,add 
68409/996617,321596778,68409,add 
70797/998857,321600362,70797,add 
67899/100442,B00685211,67899,add 
65315/927561,321386629,65315,add 
72777/991143,B00539478,72777,add
72129/1004838,B00571785,72129,add
73252/005064,121205454,73252,add
74157/1004758,420664481,74157,add
70739/997772,340765602,70739,add
74438/1012012,M00672872,74438,add
73209/1004762,420664490,73209,add
70577/997055,321599178,70577,add
74849/412315,Q00660436,74849,add
64887/1011389,421134178,64887,add
74246/115248,X00695344,74246,add
71445/100621,B00594970,71445,add
69565/1004583,210182309,69565,add
71072/088949,210181747,71072,add
66956/1012391,M00607118,66956,add
72364/1002898,121209138,72364,add
74926/1011399,S00563710,74926,add
74229/335461,321595733,74229,add
71771/100004,B00614012,71771,add
73241/998462,421728973,73241,add
73211/1009127,421249615,73211,add
74955/438858,421786856,74955,add
74232/057172,X00618402,74232,add
75432/417658,421633897,75432,add
74998/101151,B00687734,74998,add
74595/101040,240280753,74595,add
74859/101080,B00674201,74859,add
74570/101009,421643993,74570,add
73720/1012396,421673406,73720,add
74845/014156,B00508605,74845,add
74931/100953,B00501024,74931,add
65315/927561,321386629,65315,add
75702/067120,210181989,75702,add
74985/660259,421616914,74985,add
75701/117820,210181051,75701,add
74773/101266,B00667885,74773,add
67301/986524,421401673,67301,add
75706/101330,B00694424,75706,add
70483/1012611,X08055447,70483,add
74145/992500,420664819,74145,add
74145/992500,420664846,74145,add
75711/101311,B00665500,75711,add
64645/976833,121190424,64645,add
74948/965078,320874951,74948,add
74154/989274,321595403,74154,add
74770/1012279,B00715375,74770,add
75708/089079,X00486240,75708,add
75697/1013122,B00695754,75697,add
72412/1012608,X00980196,72412,add
75425/340928,B00731678,75425,add
63886/998370,321593673,63886,add
73469/100763,B00699404,73469,add
72803/1010077,B08015349,72803,add
75700/307563,B00588594,75700,add
75709/107982,X00553144,75709,add
74137/997430,321595608,74137,add
75707/101345,121209174,75707,add
75672/1013180,321592059,75672,add
75704/133497,B00741243,75704,add
75710/101252,X00702219,75710,add
66933/997257,420665284,66933,add
75705/101345,321189423,75705,add
75135/1013077,B00680820,75135,add
68854/1013384,B00587387,68854,add
75011/1011557,B00648034,75011,add
72296/100292,B00653276,72296,add
74142/100922,220520915,74142,add
67899/100442,B00685211,67899,add
63764/1000227,321589134,63764,add
75703/971016,320595030,75703,add
49143/945536,420602217,49143,add
76709/1016902,321588705,76709,add
70813/998863,340751813,70813,add
76743/1016905,B00664860,76743,add
69331/1009477,421550681,69331,add
75057/1017587,Q00646756,75057,add
77123/061000,240281173,77123,add
68372/183004,321148619,68372,add
75474/210985,321594155,75474,add
68158/395298,321387076,68158,add
74233/958510,240299226,74233,add
75925/1015567,B00923376,75925,add
73566/1014223,B00851732,73566,add
75456/417871,421484888,75456,add
55080/975747,321600479,55080,add
72851/1008506,B00653960,72851,add
71223/1002602,B00509455,71223,add
67717/1013778,B01007946,67717,add
73540/1017632,B01087711,73540,add
76780/307568,B00965124,76780,add
71973/1009997,B00640761,71973,add
75335/1013320,B00942812,75335,add
76215/123540,220694700,76215,add
77066/1017375,B00577160,77066,add
71818/999505,B00542600,71818,add
75699/417641,421133179,75699,add
76405/122357,X00705496,76405,add
58852/1017603,321191394,58852,add
58852/101760,321191410,58852,add
67768/092679,X08030377,67768,add
76765/007525,M08025179,76765,add
72745/1004751,121209575,72745,add
77126/008787,121208709,77126,add
74771/1013235,B00712795,74771,add
75655/628850,Q00645316,75655,add
77048/1017329,B00570830,77048,add
71820/1000400,B00645685,71820,add
76270/121039,X00747209,76270,add
76779/005286,M01039403,76779,add
71459/491545,420976448,71459,add
72258/416871,420663561,72258,add
75052/1017588,Q00646746,75052,add
75397/063898,220212589,75397,add
75925/1014053,B00923109,75925,add
65302/1016884,Q00954283,65302,add
76384/978965,B00661493,76384,add
73384/654860,Q00665670,73384,add
76371/439503,Q00564746,76371,add
76318/1014854,421133632,76318,add
75053/1017589,Q00646751,75053,add
71917/1000376,B00637594,71917,add
77114/1016803,240301794,77114,add
67322/982705,320350678,67322,add
76404/369117,B00693081,76404,add
67898/991371,210181079,67898,add
73942/1008272,B00600073,73942,add
76784/129541,B00580365,76784,add
72340/1003249,M00666777,72340,add
64436/1012932,210177627,64436,add
64436/1012933,210177627,64436,add
64436/1012934,210177627,64436,add