maprojid,bin
846P-110MANS,2097423
846P-1ORCHPA,2109473
846P-1CROT13,2128297
846P-1CRO13A,2128297
846P-5NATCT2,5127025
846P-4OLMSTD,4050124
846P-4OLMST6,4050124
846P-4OLMSTE,4050124
846P-4OLMST4,4050124
846P-4OLMST3,4050124
846P-4OLMST1,4050124
846P-4OLMST,4050124
846P-415PAVI,4464054
846P-400PAV3,4464054
846P-4FMMAUR,4541457
846P-4FMGARG,4050125
846P-415LWPG,4541450
850PWKNJCCMP,3212283
846P-313CPSW,1083824
846P-3LASKE1,1083809
846P-313CPAB,1083811
846P-313CPA2,1083811
846P-300ZO16,1083834
846P-300ZO10,1083834
846P-300ZOO7,1083834
850ACEDCA436,1083810
850MULTIHVAC,1083810
850PV022ELEC,1083810
850PV022-SCT,1083810
850ACEDCA437,1083810
850PV022IFS5,1083810
850ACEDCA435,1083810
850PV022-EH,1083810
850ACEDCA204,1083810
126PV022-SKY,1083810
846P-1BOIL07,2101002
846P-5CTPK,5164735
846P-411APE2,4161977
846P-409FPO2,4442874
846SANDY4-21,4439150
846P-409FPG3,4439150
846P-200LFHH,3347228
846P-200PPOP,3347251
846P-200PPPH,3347246
846P-200CRSL,3347225
846P-200BAND,3347243
846P-200WCST,3347250
846P-200ZOOA,3339261
801PROSPPLC,3391508
850PV274EXLT,4441124
850PV274KITR,4441124
850PV274CHLL,4441124
126PV274ELSW,4441124
126PV274PERI,4441124
126PV274-BMS,4441124
856E09-00021,4441124
126PV466-QT2,4464056
846P-4QWCAMS,4558018
846P-400ZO17,4558018
126PV466QTIP,4464056
126PV466-LGT,4464056
126PV466-QTP,4464056
846P-400ZOO8,4558024
846P-415PAV2,4464054
126ACEDCA440,4458851
846SANDY2-14,3189656
846P-213BOIL,3189656
850C74-SHWR,2109479
850C75AMKCHV,2109476
072C75AKATC,2109476
072SANDRNDC,2109479
072C75RNDCCG,2109479
072C74SCHOOL,2109479
072SANDAMKC,2109476
072C75RMSCPR,2116656
072C138RMFS2,2116656
072C75ELEA,2109476
072C75RNRFW,2109479
072C75AMKCMD,2109476
072C75RMS-AC,2116656
072C114RNDC1,2109479
072C75RNDHV,2109479
072C75RMSCHV,2116656
072C75RNDCEQ,2109479
072C75RMSRFW,2116656
072C75AMCLR,2109476
072C75AMKCEL,2109476
846P-503CHP1,5155774
846P-109FHSP,2125611
846P-407BAYM,4557870
846SANDY4-19,4557870
846P-307R102,1088299
846SANDY3-14,1089425
846P-307R97D,1089425
126PV205CONS,2113012
850HH112CGSA,1088065
846P-312INNC,1087776
846P-312IHPB,1087776
850PV205SNUF,2115604
850PV176-LIO,2123904
126PV176-REP,2116695
850PV176-WHC,2116709
846P-312DMRR,1075616
